{
  "loss": 0.40880657566918266,
  "f1": 0.683853459972863,
  "precision": 0.6363636363636364,
  "recall": 0.7390029325513197,
  "accuracy": 0.8988715277777778,
  "report": "              precision    recall  f1-score   support\n\n           0       0.95      0.93      0.94      1963\n           1       0.64      0.74      0.68       341\n\n    accuracy                           0.90      2304\n   macro avg       0.79      0.83      0.81      2304\nweighted avg       0.91      0.90      0.90      2304\n",
  "preds": [
    1,
    0,
    1,
    0,
    1,
    0,
    0,
    0,
    1,
    1,
    0,
    0,
    0,
    0,
    0,
    0,
    1,
    1,
    1,
    1,
    0,
    1,
    0,
    0,
    0,
    1,
    1,
    0,
    0,
    0,
    0,
    1,
    0,
    1,
    1,
    1,
    1,
    0,
    1,
    0,
    1,
    1,
    0,
    1,
    1,
    0,
    0,
    0,
    1,
    0,
    1,
    0,
    0,
    0,
    1,
    1,
    1,
    1,
    0,
    0,
    0,
    1,
    1,
    0,
    1,
    1,
    1,
    1,
    0,
    1,
    1,
    1,
    1,
    1,
    1,
    1,
    1,
    0,
    1,
    0,
    1,
    0,
    1,
    0,
    1,
    0,
    0,
    1,
    1,
    1,
    1,
    0,
    1,
    0,
    1,
    1,
    1,
    1,
    1,
    0,
    1,
    0,
    1,
    1,
    1,
    0,
    1,
    1,
    0,
    0,
    1,
    1,
    0,
    1,
    1,
    1,
    1,
    0,
    1,
    0,
    1,
    1,
    1,
    1,
    0,
    1,
    0,
    1,
    1,
    0,
    1,
    1,
    1,
    1,
    1,
    0,
    1,
    1,
    1,
    1,
    1,
    1,
    0,
    1,
    0,
    0,
    0,
    1,
    0,
    1,
    0,
    1,
    1,
    1,
    1,
    0,
    1,
    1,
    1,
    1,
    1,
    1,
    1,
    1,
    1,
    1,
    0,
    1,
    1,
    1,
    0,
    1,
    1,
    0,
    0,
    0,
    1,
    1,
    0,
    1,
    1,
    0,
    1,
    1,
    1,
    1,
    1,
    1,
    0,
    0,
    0,
    1,
    1,
    0,
    1,
    1,
    1,
    1,
    1,
    0,
    0,
    1,
    0,
    1,
    0,
    1,
    0,
    1,
    1,
    1,
    1,
    1,
    0,
    0,
    0,
    0,
    1,
    0,
    1,
    1,
    0,
    0,
    0,
    1,
    1,
    1,
    1,
    0,
    0,
    1,
    1,
    1,
    0
  ],
  "ids": [
    "Way Way Back  ONE NIGHT ULTIMATE WEREWOLF  Retro 10_Game5_8",
    "Way Way Back  ONE NIGHT ULTIMATE WEREWOLF  Retro 10_Game5_47",
    "Way Way Back  ONE NIGHT ULTIMATE WEREWOLF  Retro 10_Game5_60",
    "Way Way Back  ONE NIGHT ULTIMATE WEREWOLF  Retro 10_Game5_62",
    "Way Way Back  ONE NIGHT ULTIMATE WEREWOLF  Retro 10_Game5_69",
    "Way Way Back  ONE NIGHT ULTIMATE WEREWOLF  Retro 10_Game5_89",
    "Way Way Back  ONE NIGHT ULTIMATE WEREWOLF  Retro 10_Game5_99",
    "Way Way Back  ONE NIGHT ULTIMATE WEREWOLF  Retro 10_Game5_108",
    "Way Way Back  ONE NIGHT ULTIMATE WEREWOLF  Retro 10_Game5_115",
    "Way Way Back  ONE NIGHT ULTIMATE WEREWOLF  Retro 10_Game5_121",
    "Way Way Back  ONE NIGHT ULTIMATE WEREWOLF  Retro 10_Game5_124",
    "Way Way Back  ONE NIGHT ULTIMATE WEREWOLF  Retro 10_Game5_126",
    "Way Way Back  ONE NIGHT ULTIMATE WEREWOLF  Retro 10_Game5_138",
    "Way Way Back  ONE NIGHT ULTIMATE WEREWOLF  Retro 10_Game5_139",
    "Way Way Back  ONE NIGHT ULTIMATE WEREWOLF  Retro 10_Game5_143",
    "Way Way Back  ONE NIGHT ULTIMATE WEREWOLF  Retro 10_Game5_150",
    "Way Way Back  ONE NIGHT ULTIMATE WEREWOLF  Retro 10_Game5_175",
    "Retrovision  ONE NIGHT ULTIMATE WEREWOLF  Retro 7_Game5_16",
    "Retrovision  ONE NIGHT ULTIMATE WEREWOLF  Retro 7_Game5_17",
    "Retrovision  ONE NIGHT ULTIMATE WEREWOLF  Retro 7_Game5_37",
    "Retrovision  ONE NIGHT ULTIMATE WEREWOLF  Retro 7_Game5_54",
    "Retrovision  ONE NIGHT ULTIMATE WEREWOLF  Retro 7_Game5_77",
    "Retrovision  ONE NIGHT ULTIMATE WEREWOLF  Retro 7_Game5_114",
    "Retrovision  ONE NIGHT ULTIMATE WEREWOLF  Retro 7_Game5_115",
    "Retrovision  ONE NIGHT ULTIMATE WEREWOLF  Retro 7_Game5_126",
    "Retrovision  ONE NIGHT ULTIMATE WEREWOLF  Retro 7_Game5_141",
    "Retrovision  ONE NIGHT ULTIMATE WEREWOLF  Retro 7_Game5_158",
    "Retrovision  ONE NIGHT ULTIMATE WEREWOLF  Retro 7_Game5_161",
    "Retrovision  ONE NIGHT ULTIMATE WEREWOLF  Retro 7_Game5_162",
    "Retrovision  ONE NIGHT ULTIMATE WEREWOLF  Retro 7_Game5_164",
    "Retrovision  ONE NIGHT ULTIMATE WEREWOLF  Retro 7_Game5_165",
    "Retrovision  ONE NIGHT ULTIMATE WEREWOLF  Retro 7_Game5_174",
    "Retrovision  ONE NIGHT ULTIMATE WEREWOLF  Retro 7_Game5_190",
    "ONE NIGHT ULTIMATE WEREWOLF  Retro 1_Game6_4",
    "ONE NIGHT ULTIMATE WEREWOLF  Retro 1_Game6_14",
    "ONE NIGHT ULTIMATE WEREWOLF  Retro 1_Game6_35",
    "ONE NIGHT ULTIMATE WEREWOLF  Retro 1_Game6_55",
    "ONE NIGHT ULTIMATE WEREWOLF  Retro 1_Game6_56",
    "ONE NIGHT ULTIMATE WEREWOLF  Retro 1_Game6_58",
    "ONE NIGHT ULTIMATE WEREWOLF  Retro 1_Game6_59",
    "ONE NIGHT ULTIMATE WEREWOLF  Retro 1_Game6_62",
    "ONE NIGHT ULTIMATE WEREWOLF  Retro 1_Game6_63",
    "ONE NIGHT ULTIMATE WEREWOLF  Retro 1_Game6_68",
    "ONE NIGHT ULTIMATE WEREWOLF  Retro 1_Game6_85",
    "ONE NIGHT ULTIMATE WEREWOLF  Retro 1_Game6_87",
    "ONE NIGHT ULTIMATE WEREWOLF  Retro 1_Game6_90",
    "ONE NIGHT ULTIMATE WEREWOLF  Retro 1_Game6_101",
    "ONE NIGHT ULTIMATE WEREWOLF  Retro 5_Game2_56",
    "ONE NIGHT ULTIMATE WEREWOLF  Retro 5_Game2_57",
    "ONE NIGHT ULTIMATE WEREWOLF  Retro 5_Game2_61",
    "ONE NIGHT ULTIMATE WEREWOLF  Retro 5_Game2_64",
    "ONE NIGHT ULTIMATE WEREWOLF  Retro 5_Game2_71",
    "ONE NIGHT ULTIMATE WEREWOLF  Retro 5_Game2_74",
    "ONE NIGHT ULTIMATE WEREWOLF  Retro 5_Game2_85",
    "ONE NIGHT ULTIMATE WEREWOLF  Retro 5_Game2_86",
    "ONE NIGHT ULTIMATE WEREWOLF  Retro 2_Game8_12",
    "ONE NIGHT ULTIMATE WEREWOLF  Retro 2_Game8_13",
    "ONE NIGHT ULTIMATE WEREWOLF  Retro 2_Game8_23",
    "ONE NIGHT ULTIMATE WEREWOLF  Retro 2_Game8_26",
    "ONE NIGHT ULTIMATE WEREWOLF  Retro 2_Game8_50",
    "ONE NIGHT ULTIMATE WEREWOLF  Retro 2_Game8_54",
    "ONE NIGHT ULTIMATE WEREWOLF  Retro 2_Game8_61",
    "ONE NIGHT ULTIMATE WEREWOLF  Retro 2_Game8_64",
    "ONE NIGHT ULTIMATE WEREWOLF  Retro 2_Game8_80",
    "ONE NIGHT ULTIMATE WEREWOLF  Retro 2_Game8_87",
    "ONE NIGHT ULTIMATE WEREWOLF  Retro 2_Game8_94",
    "ONE NIGHT ULTIMATE WEREWOLF  Retro 2_Game8_96",
    "ONE NIGHT ULTIMATE WEREWOLF  Retro 2_Game8_115",
    "ONE NIGHT ULTIMATE WEREWOLF 64  March 23rd 2019_Game4_13",
    "ONE NIGHT ULTIMATE WEREWOLF 64  March 23rd 2019_Game4_22",
    "ONE NIGHT ULTIMATE WEREWOLF 64  March 23rd 2019_Game4_26",
    "ONE NIGHT ULTIMATE WEREWOLF 64  March 23rd 2019_Game4_35",
    "ONE NIGHT ULTIMATE WEREWOLF 64  March 23rd 2019_Game4_36",
    "ONE NIGHT ULTIMATE WEREWOLF 64  March 23rd 2019_Game4_37",
    "ONE NIGHT ULTIMATE WEREWOLF 64  March 23rd 2019_Game4_49",
    "ONE NIGHT ULTIMATE WEREWOLF 64  March 23rd 2019_Game4_51",
    "ONE NIGHT ULTIMATE WEREWOLF 64  March 23rd 2019_Game4_83",
    "ONE NIGHT ULTIMATE WEREWOLF  Retro 1_Game3_22",
    "ONE NIGHT ULTIMATE WEREWOLF  Retro 1_Game3_37",
    "ONE NIGHT ULTIMATE WEREWOLF  Retro 1_Game3_51",
    "ONE NIGHT ULTIMATE WEREWOLF  Retro 1_Game3_68",
    "ONE NIGHT ULTIMATE WEREWOLF  Retro 1_Game3_74",
    "One Night Ultimate Werewolf 362 More Classic Werewolf_Game1_11",
    "One Night Ultimate Werewolf 362 More Classic Werewolf_Game1_25",
    "One Night Ultimate Werewolf 362 More Classic Werewolf_Game1_26",
    "One Night Ultimate Werewolf 362 More Classic Werewolf_Game1_31",
    "One Night Ultimate Werewolf 362 More Classic Werewolf_Game1_38",
    "One Night Ultimate Werewolf 362 More Classic Werewolf_Game1_46",
    "One Night Ultimate Werewolf 362 More Classic Werewolf_Game1_73",
    "One Night Ultimate Werewolf 362 More Classic Werewolf_Game1_74",
    "One Night Ultimate Werewolf 362 More Classic Werewolf_Game1_93",
    "One Night Ultimate Werewolf 362 More Classic Werewolf_Game1_97",
    "One Night Ultimate Werewolf 362 More Classic Werewolf_Game1_99",
    "One Night Ultimate Werewolf 362 More Classic Werewolf_Game1_106",
