{
  "loss": 0.5777237415313721,
  "f1": 0.691114245416079,
  "precision": 0.6657608695652174,
  "recall": 0.718475073313783,
  "accuracy": 0.9049479166666666,
  "report": "              precision    recall  f1-score   support\n\n           0       0.95      0.94      0.94      1963\n           1       0.67      0.72      0.69       341\n\n    accuracy                           0.90      2304\n   macro avg       0.81      0.83      0.82      2304\nweighted avg       0.91      0.90      0.91      2304\n",
  "preds": [
    0,
    0,
    1,
    0,
    1,
    0,
    0,
    0,
    0,
    1,
    0,
    0,
    1,
    1,
    1,
    0,
    0,
    0,
    0,
    0,
    0,
    0,
    1,
    0,
    0,
    0,
    0,
    1,
    1,
    0,
    1,
    1,
    1,
    1,
    1,
    1,
    0,
    1,
    1,
    0,
    1,
    1,
    0,
    0,
    0,
    0,
    0,
    0,
    0,
    0,
    0,
    1,
    0,
    0,
    1,
    1,
    0,
    1,
    1,
    1,
    0,
    1,
    1,
    1,
    1,
    1,
    1,
    1,
    0,
    1,
    1,
    0,
    0,
    0,
    1,
    0,
    1,
    0,
    1,
    0,
    0,
    0,
    0,
    1,
    1,
    0,
    1,
    0,
    1,
    1,
    1,
    0,
    1,
    1,
    1,
    1,
    1,
    0,
    1,
    1,
    1,
    1,
    0,
    0,
    1,
    0,
    1,
    1,
    1,
    1,
    0,
    0,
    0,
    1,
    1,
    0,
    1,
    0,
    1,
    1,
    1,
    1,
    0,
    1,
    1,
    1,
    1,
    1,
    0,
    1,
    1,
    1,
    1,
    1,
    0,
    0,
    0,
    0,
    1,
    1,
    0,
    0,
    0,
    0,
    0,
    1,
    1,
    1,
    1,
    1,
    1,
    1,
    1,
    0,
    1,
    1,
    1,
    1,
    1,
    1,
    1,
    0,
    0,
    0,
    1,
    1,
    1,
    0,
    0,
    1,
    1,
    1,
    1,
    0,
    1,
    1,
    1,
    1,
    1,
    0,
    0,
    1,
    1,
    0,
    1,
    1,
    1,
    1,
    1,
    0,
    0,
    1,
    0,
    1,
    0,
    0,
    0,
    1,
    1,
    1,
    0,
    0,
    0,
    0,
    1,
    0,
    1,
    0,
    0,
    1,
    1,
    0,
    0,
    1,
    0,
    1,
    1,
    1,
    0
  ],
  "ids": [
    "Way Way Back  ONE NIGHT ULTIMATE WEREWOLF  Retro 10_Game5_47",
    "Way Way Back  ONE NIGHT ULTIMATE WEREWOLF  Retro 10_Game5_52",
    "Way Way Back  ONE NIGHT ULTIMATE WEREWOLF  Retro 10_Game5_60",
    "Way Way Back  ONE NIGHT ULTIMATE WEREWOLF  Retro 10_Game5_62",
    "Way Way Back  ONE NIGHT ULTIMATE WEREWOLF  Retro 10_Game5_69",
    "Way Way Back  ONE NIGHT ULTIMATE WEREWOLF  Retro 10_Game5_89",
    "Way Way Back  ONE NIGHT ULTIMATE WEREWOLF  Retro 10_Game5_90",
    "Way Way Back  ONE NIGHT ULTIMATE WEREWOLF  Retro 10_Game5_124",
    "Way Way Back  ONE NIGHT ULTIMATE WEREWOLF  Retro 10_Game5_126",
    "Way Way Back  ONE NIGHT ULTIMATE WEREWOLF  Retro 10_Game5_142",
    "Way Way Back  ONE NIGHT ULTIMATE WEREWOLF  Retro 10_Game5_143",
    "Way Way Back  ONE NIGHT ULTIMATE WEREWOLF  Retro 10_Game5_150",
    "Way Way Back  ONE NIGHT ULTIMATE WEREWOLF  Retro 10_Game5_175",
    "Retrovision  ONE NIGHT ULTIMATE WEREWOLF  Retro 7_Game5_6",
    "Retrovision  ONE NIGHT ULTIMATE WEREWOLF  Retro 7_Game5_16",
    "Retrovision  ONE NIGHT ULTIMATE WEREWOLF  Retro 7_Game5_32",
    "Retrovision  ONE NIGHT ULTIMATE WEREWOLF  Retro 7_Game5_54",
    "Retrovision  ONE NIGHT ULTIMATE WEREWOLF  Retro 7_Game5_96",
    "Retrovision  ONE NIGHT ULTIMATE WEREWOLF  Retro 7_Game5_101",
    "Retrovision  ONE NIGHT ULTIMATE WEREWOLF  Retro 7_Game5_113",
    "Retrovision  ONE NIGHT ULTIMATE WEREWOLF  Retro 7_Game5_114",
    "Retrovision  ONE NIGHT ULTIMATE WEREWOLF  Retro 7_Game5_126",
    "Retrovision  ONE NIGHT ULTIMATE WEREWOLF  Retro 7_Game5_141",
    "Retrovision  ONE NIGHT ULTIMATE WEREWOLF  Retro 7_Game5_152",
    "Retrovision  ONE NIGHT ULTIMATE WEREWOLF  Retro 7_Game5_162",
    "Retrovision  ONE NIGHT ULTIMATE WEREWOLF  Retro 7_Game5_163",
    "Retrovision  ONE NIGHT ULTIMATE WEREWOLF  Retro 7_Game5_164",
    "Retrovision  ONE NIGHT ULTIMATE WEREWOLF  Retro 7_Game5_167",
    "Retrovision  ONE NIGHT ULTIMATE WEREWOLF  Retro 7_Game5_174",
    "Retrovision  ONE NIGHT ULTIMATE WEREWOLF  Retro 7_Game5_190",
    "ONE NIGHT ULTIMATE WEREWOLF  Retro 1_Game6_14",
    "ONE NIGHT ULTIMATE WEREWOLF  Retro 1_Game6_23",
    "ONE NIGHT ULTIMATE WEREWOLF  Retro 1_Game6_28",
    "ONE NIGHT ULTIMATE WEREWOLF  Retro 1_Game6_35",
    "ONE NIGHT ULTIMATE WEREWOLF  Retro 1_Game6_51",
    "ONE NIGHT ULTIMATE WEREWOLF  Retro 1_Game6_55",
    "ONE NIGHT ULTIMATE WEREWOLF  Retro 1_Game6_56",
    "ONE NIGHT ULTIMATE WEREWOLF  Retro 1_Game6_62",
    "ONE NIGHT ULTIMATE WEREWOLF  Retro 1_Game6_63",
    "ONE NIGHT ULTIMATE WEREWOLF  Retro 1_Game6_68",
    "ONE NIGHT ULTIMATE WEREWOLF  Retro 1_Game6_85",
    "ONE NIGHT ULTIMATE WEREWOLF  Retro 1_Game6_87",
    "ONE NIGHT ULTIMATE WEREWOLF  Retro 1_Game6_101",
    "ONE NIGHT ULTIMATE WEREWOLF  Retro 1_Game6_103",
    "ONE NIGHT ULTIMATE WEREWOLF  Retro 5_Game2_56",
    "ONE NIGHT ULTIMATE WEREWOLF  Retro 5_Game2_61",
    "ONE NIGHT ULTIMATE WEREWOLF  Retro 5_Game2_71",
    "ONE NIGHT ULTIMATE WEREWOLF  Retro 5_Game2_74",
    "ONE NIGHT ULTIMATE WEREWOLF  Retro 5_Game2_78",
    "ONE NIGHT ULTIMATE WEREWOLF  Retro 5_Game2_85",
    "ONE NIGHT ULTIMATE WEREWOLF  Retro 5_Game2_90",
    "ONE NIGHT ULTIMATE WEREWOLF  Retro 2_Game8_12",
    "ONE NIGHT ULTIMATE WEREWOLF  Retro 2_Game8_52",
    "ONE NIGHT ULTIMATE WEREWOLF  Retro 2_Game8_54",
    "ONE NIGHT ULTIMATE WEREWOLF  Retro 2_Game8_61",
    "ONE NIGHT ULTIMATE WEREWOLF  Retro 2_Game8_64",
    "ONE NIGHT ULTIMATE WEREWOLF  Retro 2_Game8_80",
    "ONE NIGHT ULTIMATE WEREWOLF  Retro 2_Game8_94",
    "ONE NIGHT ULTIMATE WEREWOLF  Retro 2_Game8_114",
    "ONE NIGHT ULTIMATE WEREWOLF 64  March 23rd 2019_Game4_7",
    "ONE NIGHT ULTIMATE WEREWOLF 64  March 23rd 2019_Game4_13",
    "ONE NIGHT ULTIMATE WEREWOLF 64  March 23rd 2019_Game4_18",
    "ONE NIGHT ULTIMATE WEREWOLF 64  March 23rd 2019_Game4_22",
    "ONE NIGHT ULTIMATE WEREWOLF 64  March 23rd 2019_Game4_26",
    "ONE NIGHT ULTIMATE WEREWOLF 64  March 23rd 2019_Game4_35",
    "ONE NIGHT ULTIMATE WEREWOLF 64  March 23rd 2019_Game4_37",
    "ONE NIGHT ULTIMATE WEREWOLF 64  March 23rd 2019_Game4_49",
    "ONE NIGHT ULTIMATE WEREWOLF 64  March 23rd 2019_Game4_51",
    "ONE NIGHT ULTIMATE WEREWOLF  Retro 1_Game3_14",
    "ONE NIGHT ULTIMATE WEREWOLF  Retro 1_Game3_28",
    "ONE NIGHT ULTIMATE WEREWOLF  Retro 1_Game3_37",
    "ONE NIGHT ULTIMATE WEREWOLF  Retro 1_Game3_40",
    "ONE NIGHT ULTIMATE WEREWOLF  Retro 1_Game3_45",
    "ONE NIGHT ULTIMATE WEREWOLF  Retro 1_Game3_51",
    "ONE NIGHT ULTIMATE WEREWOLF  Retro 1_Game3_68",
    "ONE NIGHT ULTIMATE WEREWOLF  Retro 1_Game3_74",
    "One Night Ultimate Werewolf 362 More Classic Werewolf_Game1_11",
    "One Night Ultimate Werewolf 362 More Classic Werewolf_Game1_25",
    "One Night Ultimate Werewolf 362 More Classic Werewolf_Game1_26",
    "One Night Ultimate Werewolf 362 More Classic Werewolf_Game1_31",
    "One Night Ultimate Werewolf 362 More Classic Werewolf_Game1_32",
    "One Night Ultimate Werewolf 362 More Classic Werewolf_Game1_38",
    "One Night Ultimate Werewolf 362 More Classic Werewolf_Game1_41",
    "One Night Ultimate Werewolf 362 More Classic Werewolf_Game1_74",
    "One Night Ultimate Werewolf 362 More Classic Werewolf_Game1_93",
    "One Night Ultimate Werewolf 362 More Classic Werewolf_Game1_97",
    "One Night Ultimate Werewolf 362 More Classic Werewolf_Game1_99",
    "One Night Ultimate Werewolf 362 More Classic Werewolf_Game1_106",
    "One Night Ultimate Werewolf 362 More Classic Werewolf_Game1_114",
    "One Night Ultimate Werewolf 362 More Classic Werewolf_Game1_123",
    "One Night Ultimate Werewolf 362 More Classic Werewolf_Game1_124",
    "One Night Ultimate Werewolf 362 More Classic Werewolf_Game1_127",
    "One Night Ultimate Werewolf 362 More Classic Werewolf_Game1_128",
    "One Night Ultimate Werewolf 362 More Classic Werewolf_Game1_131",
    "One Night Ultimate Werewolf 362 More Classic Werewolf_Game1_141",
