{
  "loss": 0.14298570635063307,
  "f1": 0.9084406294706724,
  "precision": 0.900709219858156,
  "recall": 0.9163059163059163,
  "accuracy": 0.9642857142857143,
  "report": "              precision    recall  f1-score   support\n\n           0       0.98      0.98      0.98      2891\n           1       0.90      0.92      0.91       693\n\n    accuracy                           0.96      3584\n   macro avg       0.94      0.95      0.94      3584\nweighted avg       0.96      0.96      0.96      3584\n"
}