{
  "loss": 0.20966592927773794,
  "f1": 0.8616187989556136,
  "precision": 0.8291457286432161,
  "recall": 0.8967391304347826,
  "accuracy": 0.9539930555555556,
  "report": "              precision    recall  f1-score   support\n\n           0       0.98      0.96      0.97      1936\n           1       0.83      0.90      0.86       368\n\n    accuracy                           0.95      2304\n   macro avg       0.90      0.93      0.92      2304\nweighted avg       0.96      0.95      0.95      2304\n"
}