{
  "loss": 0.18862232033695495,
  "f1": 0.8901818181818182,
  "precision": 0.8973607038123167,
  "recall": 0.8831168831168831,
  "accuracy": 0.9578683035714286,
  "report": "              precision    recall  f1-score   support\n\n           0       0.97      0.98      0.97      2891\n           1       0.90      0.88      0.89       693\n\n    accuracy                           0.96      3584\n   macro avg       0.93      0.93      0.93      3584\nweighted avg       0.96      0.96      0.96      3584\n"
}