{
  "loss": 0.15799043741491106,
  "f1": 0.8648648648648649,
  "precision": 0.8215158924205379,
  "recall": 0.9130434782608695,
  "accuracy": 0.9544270833333334,
  "report": "              precision    recall  f1-score   support\n\n           0       0.98      0.96      0.97      1936\n           1       0.82      0.91      0.86       368\n\n    accuracy                           0.95      2304\n   macro avg       0.90      0.94      0.92      2304\nweighted avg       0.96      0.95      0.96      2304\n"
}