{
  "loss": 0.30495047968413147,
  "f1": 0.8962061560486757,
  "precision": 0.8892045454545454,
  "recall": 0.9033189033189033,
  "accuracy": 0.9595424107142857,
  "report": "              precision    recall  f1-score   support\n\n           0       0.98      0.97      0.97      2891\n           1       0.89      0.90      0.90       693\n\n    accuracy                           0.96      3584\n   macro avg       0.93      0.94      0.94      3584\nweighted avg       0.96      0.96      0.96      3584\n"
}