{
  "loss": 0.274408100859115,
  "f1": 0.8773234200743495,
  "precision": 0.8251748251748252,
  "recall": 0.9365079365079365,
  "accuracy": 0.9592927631578947,
  "report": "              precision    recall  f1-score   support\n\n           0       0.99      0.96      0.98      2054\n           1       0.83      0.94      0.88       378\n\n    accuracy                           0.96      2432\n   macro avg       0.91      0.95      0.93      2432\nweighted avg       0.96      0.96      0.96      2432\n"
}