{
  "loss": 0.35767415378774914,
  "f1": 0.8919308357348703,
  "precision": 0.8906474820143885,
  "recall": 0.8932178932178932,
  "accuracy": 0.9581473214285714,
  "report": "              precision    recall  f1-score   support\n\n           0       0.97      0.97      0.97      2891\n           1       0.89      0.89      0.89       693\n\n    accuracy                           0.96      3584\n   macro avg       0.93      0.93      0.93      3584\nweighted avg       0.96      0.96      0.96      3584\n"
}