{
  "loss": 0.09663048624578449,
  "f1": 0.6476190476190476,
  "precision": 0.7157894736842105,
  "recall": 0.591304347826087,
  "accuracy": 0.9678819444444444,
  "report": "              precision    recall  f1-score   support\n\n           0       0.98      0.99      0.98      2189\n           1       0.72      0.59      0.65       115\n\n    accuracy                           0.97      2304\n   macro avg       0.85      0.79      0.82      2304\nweighted avg       0.97      0.97      0.97      2304\n"
}