{
  "loss": 0.09958477371505328,
  "f1": 0.7678244972577697,
  "precision": 0.7720588235294118,
  "recall": 0.7636363636363637,
  "accuracy": 0.9645647321428571,
  "report": "              precision    recall  f1-score   support\n\n           0       0.98      0.98      0.98      3309\n           1       0.77      0.76      0.77       275\n\n    accuracy                           0.96      3584\n   macro avg       0.88      0.87      0.87      3584\nweighted avg       0.96      0.96      0.96      3584\n"
}