{
  "loss": 0.6311359490667071,
  "f1": 0.34228855721393037,
  "precision": 0.37554585152838427,
  "recall": 0.31444241316270566,
  "accuracy": 0.8155691964285714,
  "report": "              precision    recall  f1-score   support\n\n           0       0.88      0.91      0.89      3037\n           1       0.38      0.31      0.34       547\n\n    accuracy                           0.82      3584\n   macro avg       0.63      0.61      0.62      3584\nweighted avg       0.80      0.82      0.81      3584\n"
}