{
  "loss": 0.6413797272576226,
  "f1": 0.3476923076923077,
  "precision": 0.3656957928802589,
  "recall": 0.3313782991202346,
  "accuracy": 0.8159722222222222,
  "report": "              precision    recall  f1-score   support\n\n           0       0.89      0.90      0.89      1963\n           1       0.37      0.33      0.35       341\n\n    accuracy                           0.82      2304\n   macro avg       0.63      0.62      0.62      2304\nweighted avg       0.81      0.82      0.81      2304\n"
}