{
  "loss": 0.06811020850498033,
  "f1": 0.825,
  "precision": 0.8839285714285714,
  "recall": 0.7734375,
  "accuracy": 0.9827302631578947,
  "report": "              precision    recall  f1-score   support\n\n           0       0.99      0.99      0.99      2304\n           1       0.88      0.77      0.82       128\n\n    accuracy                           0.98      2432\n   macro avg       0.94      0.88      0.91      2432\nweighted avg       0.98      0.98      0.98      2432\n"
}