{
  "loss": 0.4053569134128721,
  "f1": 0.5333333333333333,
  "precision": 0.6896551724137931,
  "recall": 0.43478260869565216,
  "accuracy": 0.9424342105263158,
  "report": "              precision    recall  f1-score   support\n\n           0       0.96      0.98      0.97      2248\n           1       0.69      0.43      0.53       184\n\n    accuracy                           0.94      2432\n   macro avg       0.82      0.71      0.75      2432\nweighted avg       0.94      0.94      0.94      2432\n"
}