{
  "loss": 0.058611814198749404,
  "f1": 0.7971698113207547,
  "precision": 0.7971698113207547,
  "recall": 0.7971698113207547,
  "accuracy": 0.9760044642857143,
  "report": "              precision    recall  f1-score   support\n\n           0       0.99      0.99      0.99      3372\n           1       0.80      0.80      0.80       212\n\n    accuracy                           0.98      3584\n   macro avg       0.89      0.89      0.89      3584\nweighted avg       0.98      0.98      0.98      3584\n",
  "preds": [
    0,
    1,
    1,
    1,
    1,
    1,
    1,
    1,
    0,
    0,
    1,
    1,
    0,
    0,
    1,
    1,
    0,
    0,
    0,
    1,
    0,
    0,
    0,
    1,
    0,
    0,
    0,
    0,
    0,
    0,
    1,
    0,
    0,
    1,
    1,
    1,
    0,
    0,
    0,
    1,
    1,
    0,
    0,
    1,
    1,
    1,
    1,
    0,
    0,
    1,
    1,
    0,
    0,
    0,
    0,
    0,
    0,
    0,
    1,
    0,
    1,
    1,
    0,
    0,
    1,
    1,
    0,
    1,
    1,
    1,
    1,
    1,
    1,
    0,
    1,
    0,
    1,
    0,
    0,
    0,
    1,
    1,
    1,
    0,
    1,
    1
  ],
  "ids": [
    "ONE NIGHT ULTIMATE WEREWOLF 45  October 13th 2018_Game6_34",
    "ONE NIGHT ULTIMATE WEREWOLF 45  October 13th 2018_Game6_56",
    "ONE NIGHT ULTIMATE WEREWOLF 43  October 13th 2018_Game3_12",
    "ONE NIGHT ULTIMATE WEREWOLF 43  October 13th 2018_Game3_26",
    "ONE NIGHT ULTIMATE WEREWOLF 43  October 13th 2018_Game3_37",
    "ONE NIGHT ULTIMATE WEREWOLF 43  October 13th 2018_Game3_111",
    "ONE NIGHT ULTIMATE WEREWOLF 43  October 13th 2018_Game3_126",
    "ONE NIGHT ULTIMATE WEREWOLF 18  September 30th 2017_Game1_51",
    "ONE NIGHT ULTIMATE WEREWOLF 18  September 30th 2017_Game1_53",
    "ONE NIGHT ULTIMATE WEREWOLF 18  September 30th 2017_Game1_59",
    "One Night Ultimate Werewolf GAME NIGHT!!_Game2_34",
    "One Night Ultimate Werewolf GAME NIGHT!!_Game2_52",
    "One Night Ultimate Werewolf GAME NIGHT!!_Game2_61",
    "One Night Ultimate Werewolf GAME NIGHT!!_Game2_63",
    "One Night Ultimate Werewolf GAME NIGHT!!_Game2_74",
    "Visions from 2016  ONE NIGHT ULTIMATE WEREWOLF  Retro 11_Game1_8",
    "Visions from 2016  ONE NIGHT ULTIMATE WEREWOLF  Retro 11_Game1_86",
    "Visions from 2016  ONE NIGHT ULTIMATE WEREWOLF  Retro 11_Game1_136",
    "ONE NIGHT ULTIMATE WEREWOLF 87  November 9th 2019_Game1_94",
    "ONE NIGHT ULTIMATE WEREWOLF 87  November 9th 2019_Game1_134",
    "Ye Olde Times  ONE NIGHT ULTIMATE WEREWOLF  Retro 8_Game4_59",
    "Ye Olde Times  ONE NIGHT ULTIMATE WEREWOLF  Retro 8_Game4_115",
    "Ye Olde Times  ONE NIGHT ULTIMATE WEREWOLF  Retro 8_Game4_119",
    "Ye Olde Times  ONE NIGHT ULTIMATE WEREWOLF  Retro 8_Game4_153",
    "ONE NIGHT ULTIMATE WEREWOLF  Retro 4_Game6_19",
    "ONE NIGHT ULTIMATE WEREWOLF  Retro 4_Game6_45",
    "Retrovision  ONE NIGHT ULTIMATE WEREWOLF  Retro 7_Game3_14",
    "ONE NIGHT ULTIMATE WEREWOLF  Retro 3_Game6_31",
    "ONE NIGHT ULTIMATE WEREWOLF  Retro 3_Game6_32",
    "ONE NIGHT ULTIMATE WEREWOLF  Retro 3_Game6_33",
    "ONE NIGHT ULTIMATE WEREWOLF  Retro 3_Game6_37",
    "ONE NIGHT ULTIMATE WEREWOLF  Retro 3_Game6_86",
    "ONE NIGHT ULTIMATE WEREWOLF  Retro 3_Game6_114",
    "One Night Ultimate Werewolf 493 Even More Classic Werewolf_Game1_14",
    "One Night Ultimate Werewolf 493 Even More Classic Werewolf_Game1_49",
    "One Night Ultimate Werewolf 493 Even More Classic Werewolf_Game1_107",
    "ONE NIGHT ULTIMATE WEREWOLF 28  February 17th 2018_Game2_27",
    "ONE NIGHT ULTIMATE WEREWOLF 28  February 17th 2018_Game2_46",
    "ONE NIGHT ULTIMATE WEREWOLF 28  February 17th 2018_Game2_48",
    "ONE NIGHT ULTIMATE WEREWOLF 28  February 17th 2018_Game2_77",
    "ONE NIGHT ULTIMATE WEREWOLF 28  February 17th 2018_Game2_88",
    "ONE NIGHT ULTIMATE WEREWOLF 7  November 6th 2016_Game1_24",
    "ONE NIGHT ULTIMATE WEREWOLF 7  November 6th 2016_Game1_38",
    "The Return of the King  ONE NIGHT ULTIMATE WEREWOLF_Game6_81",
    "The Return of the King  ONE NIGHT ULTIMATE WEREWOLF_Game6_82",
    "The Return of the King  ONE NIGHT ULTIMATE WEREWOLF_Game6_98",
    "Retrovision  ONE NIGHT ULTIMATE WEREWOLF  Retro 7_Game2_96",
    "ONE NIGHT ULTIMATE WEREWOLF 44  October 13th 2018_Game3_27",
    "ONE NIGHT ULTIMATE WEREWOLF - Drinking Play Through_Game2_12",
    "ONE NIGHT ULTIMATE WEREWOLF - Drinking Play Through_Game2_15",
    "ONE NIGHT ULTIMATE WEREWOLF - Drinking Play Through_Game2_33",
    "ONE NIGHT ULTIMATE WEREWOLF - Drinking Play Through_Game2_63",
    "ONE NIGHT ULTIMATE WEREWOLF - Drinking Play Through_Game2_84",
    "ONE NIGHT ULTIMATE WEREWOLF 1  July 5th 2016_Game2_30",
    "ONE NIGHT ULTIMATE WEREWOLF 1  July 5th 2016_Game2_56",
    "ONE NIGHT ULTIMATE WEREWOLF 1  July 5th 2016_Game2_58",
    "ONE NIGHT ULTIMATE WEREWOLF  Retro 3_Game7_21",
    "ONE NIGHT ULTIMATE WEREWOLF  Retro 3_Game7_22",
    "ONE NIGHT ULTIMATE WEREWOLF  Retro 3_Game7_44",
    "ONE NIGHT ULTIMATE WEREWOLF  Retro 3_Game7_49",
    "ONE NIGHT ULTIMATE WEREWOLF  Retro 3_Game7_54",
    "ONE NIGHT ULTIMATE WEREWOLF  Retro 3_Game7_65",
    "ONE NIGHT ULTIMATE WEREWOLF 44  October 13th 2018_Game2_22",
    "ONE NIGHT ULTIMATE WEREWOLF 44  October 13th 2018_Game2_27",
    "ONE NIGHT ULTIMATE WEREWOLF 44  October 13th 2018_Game2_57",
    "ONE NIGHT ULTIMATE WEREWOLF 44  October 13th 2018_Game2_64",
    "ONE NIGHT ULTIMATE WEREWOLF 9  November 6th 2016_Game2_31",
    "ONE NIGHT ULTIMATE WEREWOLF 45  October 13th 2018_Game4_70",
    "ONE NIGHT ULTIMATE WEREWOLF 45  October 13th 2018_Game4_77",
    "ONE NIGHT ULTIMATE WEREWOLF 45  October 13th 2018_Game4_119",
    "ONE NIGHT ULTIMATE WEREWOLF 45  October 13th 2018_Game4_126",
    "ONE NIGHT ULTIMATE WEREWOLF 83  October 15th 2019_Game2_72",
    "Retrovision  ONE NIGHT ULTIMATE WEREWOLF  Retro 7_Game4_49",
    "Retrovision  ONE NIGHT ULTIMATE WEREWOLF  Retro 7_Game4_60",
    "Retrovision  ONE NIGHT ULTIMATE WEREWOLF  Retro 7_Game4_71",
    "Retrovision  ONE NIGHT ULTIMATE WEREWOLF  Retro 7_Game4_81",
    "Retrovision  ONE NIGHT ULTIMATE WEREWOLF  Retro 7_Game4_117",
    "Retrovision  ONE NIGHT ULTIMATE WEREWOLF  Retro 7_Game4_166",
    "Visions from 2016  ONE NIGHT ULTIMATE WEREWOLF  Retro 11_Game3_32",
    "Visions from 2016  ONE NIGHT ULTIMATE WEREWOLF  Retro 11_Game3_81",
    "Visions from 2016  ONE NIGHT ULTIMATE WEREWOLF  Retro 11_Game3_89",
    "Visions from 2016  ONE NIGHT ULTIMATE WEREWOLF  Retro 11_Game3_109",
    "ONE NIGHT ULTIMATE WEREWOLF - Drinking Play Through_Game1_53",
    "ONE NIGHT ULTIMATE WEREWOLF - Drinking Play Through_Game1_114",
    "ONE NIGHT ULTIMATE WEREWOLF - Drinking Play Through_Game1_143",
    "ONE NIGHT ULTIMATE WEREWOLF 55  January 26th 2019_Game3_45"
  ]
}