{
  "loss": 0.7417658936645326,
  "f1": 0.7084393969062072,
  "precision": 0.7170035671819263,
  "recall": 0.7000773993808049,
  "accuracy": 0.9307570684523809,
  "report": "              precision    recall  f1-score   support\n\n           0       0.96      0.96      0.96     18920\n           1       0.72      0.70      0.71      2584\n\n    accuracy                           0.93     21504\n   macro avg       0.84      0.83      0.83     21504\nweighted avg       0.93      0.93      0.93     21504\n",
  "Identity Declaration": {
    "f1": 0.8300970873786407,
    "precision": 0.855,
    "recall": 0.8066037735849056,
    "accuracy": 0.98046875,
    "report": "              precision    recall  f1-score   support\n\n           0       0.99      0.99      0.99      3372\n           1       0.85      0.81      0.83       212\n\n    accuracy                           0.98      3584\n   macro avg       0.92      0.90      0.91      3584\nweighted avg       0.98      0.98      0.98      3584\n"
  },
  "Accusation": {
    "f1": 0.6666666666666666,
    "precision": 0.6873786407766991,
    "recall": 0.6471663619744058,
    "accuracy": 0.9012276785714286,
    "report": "              precision    recall  f1-score   support\n\n           0       0.94      0.95      0.94      3037\n           1       0.69      0.65      0.67       547\n\n    accuracy                           0.90      3584\n   macro avg       0.81      0.80      0.80      3584\nweighted avg       0.90      0.90      0.90      3584\n"
  },
  "Interrogation": {
    "f1": 0.8994252873563219,
    "precision": 0.8955650929899857,
    "recall": 0.9033189033189033,
    "accuracy": 0.9609375,
    "report": "              precision    recall  f1-score   support\n\n           0       0.98      0.97      0.98      2891\n           1       0.90      0.90      0.90       693\n\n    accuracy                           0.96      3584\n   macro avg       0.94      0.94      0.94      3584\nweighted avg       0.96      0.96      0.96      3584\n"
  },
  "Call for Action": {
    "f1": 0.7606679035250464,
    "precision": 0.7765151515151515,
    "recall": 0.7454545454545455,
    "accuracy": 0.9640066964285714,
    "report": "              precision    recall  f1-score   support\n\n           0       0.98      0.98      0.98      3309\n           1       0.78      0.75      0.76       275\n\n    accuracy                           0.96      3584\n   macro avg       0.88      0.86      0.87      3584\nweighted avg       0.96      0.96      0.96      3584\n"
  },
  "Defense": {
    "f1": 0.5009560229445507,
    "precision": 0.4924812030075188,
    "recall": 0.5097276264591439,
    "accuracy": 0.8543526785714286,
    "report": "              precision    recall  f1-score   support\n\n           0       0.92      0.91      0.91      3070\n           1       0.49      0.51      0.50       514\n\n    accuracy                           0.85      3584\n   macro avg       0.70      0.71      0.71      3584\nweighted avg       0.86      0.85      0.86      3584\n"
  },
  "Evidence": {
    "f1": 0.5823170731707317,
    "precision": 0.610223642172524,
    "recall": 0.5568513119533528,
    "accuracy": 0.9235491071428571,
    "report": "              precision    recall  f1-score   support\n\n           0       0.95      0.96      0.96      3241\n           1       0.61      0.56      0.58       343\n\n    accuracy                           0.92      3584\n   macro avg       0.78      0.76      0.77      3584\nweighted avg       0.92      0.92      0.92      3584\n"
  }
}