{
  "loss": 0.34979336176599773,
  "f1": 0.47814451382694023,
  "precision": 0.4415156507413509,
  "recall": 0.5214007782101168,
  "accuracy": 0.8367745535714286,
  "report": "              precision    recall  f1-score   support\n\n           0       0.92      0.89      0.90      3070\n           1       0.44      0.52      0.48       514\n\n    accuracy                           0.84      3584\n   macro avg       0.68      0.71      0.69      3584\nweighted avg       0.85      0.84      0.84      3584\n"
}