{
  "loss": 0.10964292314435754,
  "f1": 0.7783783783783784,
  "precision": 0.7714285714285715,
  "recall": 0.7854545454545454,
  "accuracy": 0.9656808035714286,
  "report": "              precision    recall  f1-score   support\n\n           0       0.98      0.98      0.98      3309\n           1       0.77      0.79      0.78       275\n\n    accuracy                           0.97      3584\n   macro avg       0.88      0.88      0.88      3584\nweighted avg       0.97      0.97      0.97      3584\n",
  "preds": [
    1,
    1,
    0,
    0,
    0,
    1,
    0,
    0,
    0,
    1,
    1,
    1,
    1,
    1,
    1,
    1,
    1,
    1,
    1,
    0,
    0,
    0,
    1,
    1,
    1,
    0,
    1,
    1,
    1,
    1,
    0,
    1,
    1,
    0,
    1,
    1,
    0,
    1,
    1,
    0,
    0,
    1,
    1,
    0,
    0,
    1,
    0,
    0,
    1,
    1,
    1,
    1,
    1,
    1,
    1,
    1,
    0,
    0,
    0,
    1,
    1,
    1,
    1,
    1,
    1,
    1,
    0,
    0,
    1,
    0,
    0,
    1,
    0,
    0,
    1,
    1,
    1,
    1,
    1,
    0,
    1,
    0,
    0,
    1,
    0,
    0,
    0,
    0,
    0,
    1,
    0,
    0,
    0,
    0,
    0,
    1,
    1,
    0,
    1,
    0,
    1,
    0,
    1,
    1,
    0,
    0,
    0,
    1,
    0,
    0,
    0,
    0,
    0,
    1,
    1,
    0,
    0,
    1,
    0,
    0,
    0,
    0,
    0
  ],
  "ids": [
    "ONE NIGHT ULTIMATE WEREWOLF 45  October 13th 2018_Game6_22",
    "ONE NIGHT ULTIMATE WEREWOLF 45  October 13th 2018_Game6_55",
    "ONE NIGHT ULTIMATE WEREWOLF 43  October 13th 2018_Game3_15",
    "ONE NIGHT ULTIMATE WEREWOLF 43  October 13th 2018_Game3_16",
    "ONE NIGHT ULTIMATE WEREWOLF 43  October 13th 2018_Game3_17",
    "ONE NIGHT ULTIMATE WEREWOLF 43  October 13th 2018_Game3_51",
    "ONE NIGHT ULTIMATE WEREWOLF 18  September 30th 2017_Game1_51",
    "ONE NIGHT ULTIMATE WEREWOLF 18  September 30th 2017_Game1_67",
    "ONE NIGHT ULTIMATE WEREWOLF 18  September 30th 2017_Game1_75",
    "ONE NIGHT ULTIMATE WEREWOLF 89  November 30th 2019_Game3_23",
    "ONE NIGHT ULTIMATE WEREWOLF 89  November 30th 2019_Game3_72",
    "ONE NIGHT ULTIMATE WEREWOLF 89  November 30th 2019_Game3_74",
    "ONE NIGHT ULTIMATE WEREWOLF 89  November 30th 2019_Game3_76",
    "ONE NIGHT ULTIMATE WEREWOLF 89  November 30th 2019_Game3_77",
    "ONE NIGHT ULTIMATE WEREWOLF 89  November 30th 2019_Game3_81",
    "ONE NIGHT ULTIMATE WEREWOLF 89  November 30th 2019_Game3_82",
    "One Night Ultimate Werewolf GAME NIGHT!!_Game2_73",
    "Visions from 2016  ONE NIGHT ULTIMATE WEREWOLF  Retro 11_Game1_6",
    "Visions from 2016  ONE NIGHT ULTIMATE WEREWOLF  Retro 11_Game1_84",
    "Visions from 2016  ONE NIGHT ULTIMATE WEREWOLF  Retro 11_Game1_101",
    "Visions from 2016  ONE NIGHT ULTIMATE WEREWOLF  Retro 11_Game1_102",
    "Visions from 2016  ONE NIGHT ULTIMATE WEREWOLF  Retro 11_Game1_106",
    "Visions from 2016  ONE NIGHT ULTIMATE WEREWOLF  Retro 11_Game1_125",
    "ONE NIGHT ULTIMATE WEREWOLF 87  November 9th 2019_Game1_37",
    "ONE NIGHT ULTIMATE WEREWOLF 87  November 9th 2019_Game1_39",
    "ONE NIGHT ULTIMATE WEREWOLF 87  November 9th 2019_Game1_76",
    "ONE NIGHT ULTIMATE WEREWOLF 87  November 9th 2019_Game1_77",
    "ONE NIGHT ULTIMATE WEREWOLF 87  November 9th 2019_Game1_106",
    "ONE NIGHT ULTIMATE WEREWOLF  Retro 1_Game1_23",
    "ONE NIGHT ULTIMATE WEREWOLF  Retro 1_Game1_31",
    "ONE NIGHT ULTIMATE WEREWOLF  Retro 1_Game1_54",
    "Ye Olde Times  ONE NIGHT ULTIMATE WEREWOLF  Retro 8_Game4_18",
    "Ye Olde Times  ONE NIGHT ULTIMATE WEREWOLF  Retro 8_Game4_38",
    "Ye Olde Times  ONE NIGHT ULTIMATE WEREWOLF  Retro 8_Game4_99",
    "Ye Olde Times  ONE NIGHT ULTIMATE WEREWOLF  Retro 8_Game4_127",
    "ONE NIGHT ULTIMATE WEREWOLF  Retro 4_Game6_69",
    "Retrovision  ONE NIGHT ULTIMATE WEREWOLF  Retro 7_Game3_11",
    "Retrovision  ONE NIGHT ULTIMATE WEREWOLF  Retro 7_Game3_24",
    "Retrovision  ONE NIGHT ULTIMATE WEREWOLF  Retro 7_Game3_39",
    "Retrovision  ONE NIGHT ULTIMATE WEREWOLF  Retro 7_Game3_41",
    "Retrovision  ONE NIGHT ULTIMATE WEREWOLF  Retro 7_Game3_63",
    "Retrovision  ONE NIGHT ULTIMATE WEREWOLF  Retro 7_Game3_83",
    "Retrovision  ONE NIGHT ULTIMATE WEREWOLF  Retro 7_Game3_95",
    "ONE NIGHT ULTIMATE WEREWOLF  Retro 3_Game6_7",
    "ONE NIGHT ULTIMATE WEREWOLF  Retro 3_Game6_79",
    "ONE NIGHT ULTIMATE WEREWOLF  Retro 3_Game6_84",
    "ONE NIGHT ULTIMATE WEREWOLF  Retro 3_Game6_101",
    "ONE NIGHT ULTIMATE WEREWOLF  Retro 3_Game6_107",
    "One Night Ultimate Werewolf 493 Even More Classic Werewolf_Game1_2",
    "One Night Ultimate Werewolf 493 Even More Classic Werewolf_Game1_144",
    "One Night Ultimate Werewolf 493 Even More Classic Werewolf_Game1_145",
    "One Night Ultimate Werewolf 493 Even More Classic Werewolf_Game1_153",
    "One Night Ultimate Werewolf 493 Even More Classic Werewolf_Game1_154",
    "One Night Ultimate Werewolf 493 Even More Classic Werewolf_Game1_156",
    "One Night Ultimate Werewolf 493 Even More Classic Werewolf_Game1_175",
    "ONE NIGHT ULTIMATE WEREWOLF 28  February 17th 2018_Game2_49",
    "ONE NIGHT ULTIMATE WEREWOLF 28  February 17th 2018_Game2_84",
    "ONE NIGHT ULTIMATE WEREWOLF 28  February 17th 2018_Game2_86",
    "ONE NIGHT ULTIMATE WEREWOLF 28  February 17th 2018_Game2_123",
    "ONE NIGHT ULTIMATE WEREWOLF 28  February 17th 2018_Game2_173",
    "ONE NIGHT ULTIMATE WEREWOLF 7  November 6th 2016_Game1_82",
    "The Return of the King  ONE NIGHT ULTIMATE WEREWOLF_Game6_103",
    "The Return of the King  ONE NIGHT ULTIMATE WEREWOLF_Game6_112",
    "Retrovision  ONE NIGHT ULTIMATE WEREWOLF  Retro 7_Game2_50",
    "Retrovision  ONE NIGHT ULTIMATE WEREWOLF  Retro 7_Game2_69",
    "Retrovision  ONE NIGHT ULTIMATE WEREWOLF  Retro 7_Game2_76",
    "Retrovision  ONE NIGHT ULTIMATE WEREWOLF  Retro 7_Game2_87",
    "ONE NIGHT ULTIMATE WEREWOLF 44  October 13th 2018_Game3_43",
    "ONE NIGHT ULTIMATE WEREWOLF 44  October 13th 2018_Game3_59",
    "ONE NIGHT ULTIMATE WEREWOLF 44  October 13th 2018_Game3_76",
    "ONE NIGHT ULTIMATE WEREWOLF 44  October 13th 2018_Game3_85",
    "ONE NIGHT ULTIMATE WEREWOLF - Drinking Play Through_Game2_83",
    "ONE NIGHT ULTIMATE WEREWOLF - Drinking Play Through_Game2_114",
    "ONE NIGHT ULTIMATE WEREWOLF 1  July 5th 2016_Game2_81",
    "ONE NIGHT ULTIMATE WEREWOLF 1  July 5th 2016_Game2_82",
    "ONE NIGHT ULTIMATE WEREWOLF 1  July 5th 2016_Game2_87",
    "ONE NIGHT ULTIMATE WEREWOLF 1  July 5th 2016_Game2_119",
    "ONE NIGHT ULTIMATE WEREWOLF  Retro 3_Game7_19",
    "ONE NIGHT ULTIMATE WEREWOLF  Retro 3_Game7_59",
    "ONE NIGHT ULTIMATE WEREWOLF 44  October 13th 2018_Game2_21",
    "ONE NIGHT ULTIMATE WEREWOLF 44  October 13th 2018_Game2_55",
    "ONE NIGHT ULTIMATE WEREWOLF 44  October 13th 2018_Game2_69",
    "ONE NIGHT ULTIMATE WEREWOLF 9  November 6th 2016_Game2_11",
    "ONE NIGHT ULTIMATE WEREWOLF 9  November 6th 2016_Game2_28",
    "ONE NIGHT ULTIMATE WEREWOLF 45  October 13th 2018_Game4_41",
    "ONE NIGHT ULTIMATE WEREWOLF 45  October 13th 2018_Game4_42",
    "ONE NIGHT ULTIMATE WEREWOLF 45  October 13th 2018_Game4_58",
    "ONE NIGHT ULTIMATE WEREWOLF 45  October 13th 2018_Game4_64",
    "ONE NIGHT ULTIMATE WEREWOLF 45  October 13th 2018_Game4_71",
    "ONE NIGHT ULTIMATE WEREWOLF 45  October 13th 2018_Game4_90",
    "ONE NIGHT ULTIMATE WEREWOLF 45  October 13th 2018_Game4_100",
    "ONE NIGHT ULTIMATE WEREWOLF 45  October 13th 2018_Game4_106",
    "ONE NIGHT ULTIMATE WEREWOLF 45  October 13th 2018_Game4_131",
    "ONE NIGHT ULTIMATE WEREWOLF 45  October 13th 2018_Game4_132",
    "ONE NIGHT ULTIMATE WEREWOLF 45  October 13th 2018_Game4_136",
    "ONE NIGHT ULTIMATE WEREWOLF 83  October 15th 2019_Game2_84",
    "ONE NIGHT ULTIMATE WEREWOLF 83  October 15th 2019_Game2_104",
    "ONE NIGHT ULTIMATE WEREWOLF 83  October 15th 2019_Game2_116",
    "ONE NIGHT ULTIMATE WEREWOLF 83  October 15th 2019_Game2_118",
    "Retrovision  ONE NIGHT ULTIMATE WEREWOLF  Retro 7_Game4_34",
