{
  "loss": 0.18142713309268738,
  "f1": 0.6919831223628692,
  "precision": 0.7192982456140351,
  "recall": 0.6666666666666666,
  "accuracy": 0.969983552631579,
  "report": "              precision    recall  f1-score   support\n\n           0       0.98      0.99      0.98      2309\n           1       0.72      0.67      0.69       123\n\n    accuracy                           0.97      2432\n   macro avg       0.85      0.83      0.84      2432\nweighted avg       0.97      0.97      0.97      2432\n"
}