{
  "loss": 0.20400158224310466,
  "f1": 0.5383104125736738,
  "precision": 0.6116071428571429,
  "recall": 0.4807017543859649,
  "accuracy": 0.9347222222222222,
  "report": "              precision    recall  f1-score   support\n\n           0       0.96      0.97      0.96      3315\n           1       0.61      0.48      0.54       285\n\n    accuracy                           0.93      3600\n   macro avg       0.78      0.73      0.75      3600\nweighted avg       0.93      0.93      0.93      3600\n",
  "preds": [
    0,
    0,
    0,
    0,
    1,
    1,
    1,
    1,
    1,
    1,
    0,
    0,
    0,
    0,
    0,
    1,
    1,
    0,
    1,
    1,
    0,
    1,
    0,
    1,
    0,
    1,
    1,
    1,
    1,
    1,
    0,
    0,
    0,
    1,
    1,
    1,
    0,
    0,
    0,
    1,
    1,
    1,
    1,
    0,
    0,
    0,
    1,
    0,
    1,
    1,
    0,
    1,
    1,
    0,
    0,
    1,
    1,
    0,
    1,
    1,
    0,
    1,
    0,
    0,
    1,
    1,
    0,
    0,
    0,
    0,
    0,
    0,
    0,
    1,
    1,
    1,
    0,
    0,
    1,
    0,
    1,
    1,
    1,
    0,
    0,
    1,
    0,
    0,
    0,
    0,
    0,
    1,
    1,
    0,
    1,
    0,
    0,
    1,
    1,
    0,
    0,
    0,
    0,
    1,
    0,
    0,
    1,
    0,
    0,
    0,
    0,
    1,
    0,
    0,
    0,
    0,
    0,
    0,
    0,
    0,
    1,
    0,
    0,
    1,
    0,
    1,
    1,
    0,
    1,
    0,
    1,
    1,
    0,
    0,
    0,
    0,
    1,
    0,
    0,
    1,
    0,
    0,
    1,
    0,
    0,
    1,
    0,
    0,
    0,
    0,
    0,
    1,
    0,
    0,
    0,
    0,
    0,
    1,
    0,
    0,
    1,
    0,
    1,
    1,
    0,
    1,
    0,
    0,
    1,
    0,
    0,
    0,
    0,
    0,
    0,
    0,
    0,
    0,
    0,
    0,
    0,
    0,
    0,
    1,
    0,
    1,
    0,
    0,
    0,
    0,
    0,
    0,
    1,
    0,
    0,
    0,
    1,
    0,
    1,
    1,
    0,
    0,
    0,
    1,
    1,
    0,
    1,
    1,
    0,
    0,
    0,
    0,
    0,
    0,
    0,
    0,
    0,
    0,
    0,
    0,
    0,
    0,
    1,
    1,
    1,
    1,
    1,
    0,
    1,
    0,
    0,
    0,
    0,
    1,
    0
  ],
  "ids": [
    "ONE NIGHT ULTIMATE WEREWOLF 45  October 13th 2018_Game6_20",
    "ONE NIGHT ULTIMATE WEREWOLF 45  October 13th 2018_Game6_87",
    "ONE NIGHT ULTIMATE WEREWOLF 45  October 13th 2018_Game6_95",
    "ONE NIGHT ULTIMATE WEREWOLF 45  October 13th 2018_Game6_99",
    "ONE NIGHT ULTIMATE WEREWOLF 45  October 13th 2018_Game6_105",
    "ONE NIGHT ULTIMATE WEREWOLF 43  October 13th 2018_Game3_9",
    "ONE NIGHT ULTIMATE WEREWOLF 43  October 13th 2018_Game3_48",
    "ONE NIGHT ULTIMATE WEREWOLF 43  October 13th 2018_Game3_50",
    "ONE NIGHT ULTIMATE WEREWOLF 43  October 13th 2018_Game3_51",
    "ONE NIGHT ULTIMATE WEREWOLF 43  October 13th 2018_Game3_52",
    "ONE NIGHT ULTIMATE WEREWOLF 43  October 13th 2018_Game3_69",
    "ONE NIGHT ULTIMATE WEREWOLF 43  October 13th 2018_Game3_104",
    "ONE NIGHT ULTIMATE WEREWOLF 43  October 13th 2018_Game3_106",
    "ONE NIGHT ULTIMATE WEREWOLF 43  October 13th 2018_Game3_125",
    "ONE NIGHT ULTIMATE WEREWOLF 18  September 30th 2017_Game1_51",
    "ONE NIGHT ULTIMATE WEREWOLF 18  September 30th 2017_Game1_65",
    "ONE NIGHT ULTIMATE WEREWOLF 18  September 30th 2017_Game1_69",
    "ONE NIGHT ULTIMATE WEREWOLF 18  September 30th 2017_Game1_73",
    "ONE NIGHT ULTIMATE WEREWOLF 18  September 30th 2017_Game1_74",
    "ONE NIGHT ULTIMATE WEREWOLF 18  September 30th 2017_Game1_76",
    "ONE NIGHT ULTIMATE WEREWOLF 18  September 30th 2017_Game1_80",
    "ONE NIGHT ULTIMATE WEREWOLF 18  September 30th 2017_Game1_84",
    "ONE NIGHT ULTIMATE WEREWOLF 18  September 30th 2017_Game1_86",
    "ONE NIGHT ULTIMATE WEREWOLF 89  November 30th 2019_Game3_23",
    "ONE NIGHT ULTIMATE WEREWOLF 89  November 30th 2019_Game3_38",
    "ONE NIGHT ULTIMATE WEREWOLF 89  November 30th 2019_Game3_71",
    "ONE NIGHT ULTIMATE WEREWOLF 89  November 30th 2019_Game3_72",
    "ONE NIGHT ULTIMATE WEREWOLF 89  November 30th 2019_Game3_74",
    "ONE NIGHT ULTIMATE WEREWOLF 89  November 30th 2019_Game3_76",
    "ONE NIGHT ULTIMATE WEREWOLF 89  November 30th 2019_Game3_77",
    "ONE NIGHT ULTIMATE WEREWOLF 89  November 30th 2019_Game3_80",
    "One Night Ultimate Werewolf GAME NIGHT!!_Game2_38",
    "One Night Ultimate Werewolf GAME NIGHT!!_Game2_71",
    "Visions from 2016  ONE NIGHT ULTIMATE WEREWOLF  Retro 11_Game1_98",
    "Visions from 2016  ONE NIGHT ULTIMATE WEREWOLF  Retro 11_Game1_103",
    "Visions from 2016  ONE NIGHT ULTIMATE WEREWOLF  Retro 11_Game1_105",
    "Visions from 2016  ONE NIGHT ULTIMATE WEREWOLF  Retro 11_Game1_106",
    "Visions from 2016  ONE NIGHT ULTIMATE WEREWOLF  Retro 11_Game1_107",
    "Visions from 2016  ONE NIGHT ULTIMATE WEREWOLF  Retro 11_Game1_142",
    "Visions from 2016  ONE NIGHT ULTIMATE WEREWOLF  Retro 11_Game1_147",
    "ONE NIGHT ULTIMATE WEREWOLF 87  November 9th 2019_Game1_36",
    "ONE NIGHT ULTIMATE WEREWOLF 87  November 9th 2019_Game1_37",
    "ONE NIGHT ULTIMATE WEREWOLF 87  November 9th 2019_Game1_45",
    "ONE NIGHT ULTIMATE WEREWOLF 87  November 9th 2019_Game1_70",
    "ONE NIGHT ULTIMATE WEREWOLF 87  November 9th 2019_Game1_76",
    "ONE NIGHT ULTIMATE WEREWOLF 87  November 9th 2019_Game1_126",
    "ONE NIGHT ULTIMATE WEREWOLF 87  November 9th 2019_Game1_128",
    "ONE NIGHT ULTIMATE WEREWOLF 87  November 9th 2019_Game1_132",
    "ONE NIGHT ULTIMATE WEREWOLF  Retro 1_Game1_48",
    "ONE NIGHT ULTIMATE WEREWOLF  Retro 1_Game1_53",
    "ONE NIGHT ULTIMATE WEREWOLF  Retro 1_Game1_54",
    "Ye Olde Times  ONE NIGHT ULTIMATE WEREWOLF  Retro 8_Game4_10",
    "Ye Olde Times  ONE NIGHT ULTIMATE WEREWOLF  Retro 8_Game4_11",
    "Ye Olde Times  ONE NIGHT ULTIMATE WEREWOLF  Retro 8_Game4_99",
    "Ye Olde Times  ONE NIGHT ULTIMATE WEREWOLF  Retro 8_Game4_113",
    "Ye Olde Times  ONE NIGHT ULTIMATE WEREWOLF  Retro 8_Game4_127",
    "Ye Olde Times  ONE NIGHT ULTIMATE WEREWOLF  Retro 8_Game4_128",
    "Ye Olde Times  ONE NIGHT ULTIMATE WEREWOLF  Retro 8_Game4_130",
    "Ye Olde Times  ONE NIGHT ULTIMATE WEREWOLF  Retro 8_Game4_134",
    "Ye Olde Times  ONE NIGHT ULTIMATE WEREWOLF  Retro 8_Game4_135",
    "Ye Olde Times  ONE NIGHT ULTIMATE WEREWOLF  Retro 8_Game4_150",
    "ONE NIGHT ULTIMATE WEREWOLF  Retro 4_Game6_69",
    "Retrovision  ONE NIGHT ULTIMATE WEREWOLF  Retro 7_Game3_11",
    "Retrovision  ONE NIGHT ULTIMATE WEREWOLF  Retro 7_Game3_41",
    "Retrovision  ONE NIGHT ULTIMATE WEREWOLF  Retro 7_Game3_82",
    "Retrovision  ONE NIGHT ULTIMATE WEREWOLF  Retro 7_Game3_124",
    "ONE NIGHT ULTIMATE WEREWOLF  Retro 3_Game6_7",
    "ONE NIGHT ULTIMATE WEREWOLF  Retro 3_Game6_79",
    "ONE NIGHT ULTIMATE WEREWOLF  Retro 3_Game6_98",
    "ONE NIGHT ULTIMATE WEREWOLF  Retro 3_Game6_101",
    "ONE NIGHT ULTIMATE WEREWOLF  Retro 3_Game6_105",
    "ONE NIGHT ULTIMATE WEREWOLF  Retro 3_Game6_107",
    "One Night Ultimate Werewolf 493 Even More Classic Werewolf_Game1_5",
    "One Night Ultimate Werewolf 493 Even More Classic Werewolf_Game1_47",
    "One Night Ultimate Werewolf 493 Even More Classic Werewolf_Game1_49",
    "One Night Ultimate Werewolf 493 Even More Classic Werewolf_Game1_50",
    "One Night Ultimate Werewolf 493 Even More Classic Werewolf_Game1_94",
    "One Night Ultimate Werewolf 493 Even More Classic Werewolf_Game1_110",
    "One Night Ultimate Werewolf 493 Even More Classic Werewolf_Game1_145",
    "One Night Ultimate Werewolf 493 Even More Classic Werewolf_Game1_150",
    "One Night Ultimate Werewolf 493 Even More Classic Werewolf_Game1_154",
    "One Night Ultimate Werewolf 493 Even More Classic Werewolf_Game1_156",
    "One Night Ultimate Werewolf 493 Even More Classic Werewolf_Game1_157",
    "One Night Ultimate Werewolf 493 Even More Classic Werewolf_Game1_171",
    "One Night Ultimate Werewolf 493 Even More Classic Werewolf_Game1_174",
    "One Night Ultimate Werewolf 493 Even More Classic Werewolf_Game1_176",
