{
  "loss": 0.21102667931053373,
  "f1": 0.5636363636363636,
  "precision": 0.6158940397350994,
  "recall": 0.5195530726256983,
  "accuracy": 0.9375,
  "report": "              precision    recall  f1-score   support\n\n           0       0.96      0.97      0.97      2125\n           1       0.62      0.52      0.56       179\n\n    accuracy                           0.94      2304\n   macro avg       0.79      0.75      0.76      2304\nweighted avg       0.93      0.94      0.94      2304\n"
}