{
  "loss": 0.663122306595451,
  "f1": 0.675392670157068,
  "precision": 0.645,
  "recall": 0.7087912087912088,
  "accuracy": 0.8993506493506493,
  "report": "              precision    recall  f1-score   support\n\n           0       0.95      0.93      0.94      2100\n           1       0.65      0.71      0.68       364\n\n    accuracy                           0.90      2464\n   macro avg       0.80      0.82      0.81      2464\nweighted avg       0.90      0.90      0.90      2464\n",
  "preds": [
    1,
    0,
    0,
    0,
    0,
    0,
    1,
    0,
    1,
    1,
    0,
    0,
    0,
    1,
    0,
    0,
    1,
    1,
    1,
    1,
    0,
    0,
    0,
    0,
    0,
    0,
    1,
    0,
    0,
    0,
    1,
    1,
    1,
    1,
    1,
    0,
    0,
    0,
    1,
    0,
    0,
    1,
    1,
    0,
    0,
    0,
    0,
    1,
    0,
    1,
    0,
    1,
    1,
    0,
    1,
    0,
    1,
    0,
    1,
    1,
    0,
    1,
    1,
    1,
    1,
    1,
    1,
    1,
    1,
    0,
    1,
    1,
    1,
    1,
    1,
    1,
    0,
    0,
    1,
    1,
    0,
    0,
    0,
    1,
    1,
    0,
    0,
    1,
    0,
    0,
    0,
    1,
    1,
    0,
    0,
    1,
    0,
    1,
    1,
    1,
    1,
    1,
    0,
    1,
    1,
    1,
    1,
    0,
    1,
    0,
    1,
    0,
    1,
    0,
    0,
    1,
    1,
    1,
    1,
    0,
    1,
    1,
    0,
    0,
    1,
    1,
    0,
    1,
    1,
    0,
    1,
    1,
    1,
    1,
    0,
    1,
    1,
    1,
    1,
    1,
    1,
    1,
    1,
    1,
    0,
    0,
    0,
    0,
    0,
    1,
    0,
    0,
    1,
    1,
    0,
    0,
    1,
    1,
    1,
    0,
    1,
    1,
    1,
    1,
    1,
    0,
    1,
    1,
    0,
    0,
    0,
    1,
    1,
    0,
    1,
    1,
    1,
    0,
    1,
    1,
    0,
    1,
    1,
    1,
    0,
    1,
    1,
    1,
    0,
    1,
    1,
    1,
    0,
    1,
    0,
    1,
    0,
    1,
    0,
    0,
    1,
    1,
    1,
    1,
    0,
    0,
    0,
    1,
    0,
    1,
    0,
    1,
    0,
    0,
    1,
    0,
    1,
    0,
    0,
    1,
    0,
    1,
    1,
    0,
    0,
    1,
    1,
    1,
    1,
    1,
    1,
    1,
    0,
    1,
    1,
    1,
    1,
    0,
    0,
    0,
    0,
    0,
    1,
    1,
    0,
    1,
    0,
    1
  ],
  "ids": [
    "Way Way Back  ONE NIGHT ULTIMATE WEREWOLF  Retro 10_Game5_40",
    "Way Way Back  ONE NIGHT ULTIMATE WEREWOLF  Retro 10_Game5_51",
    "Way Way Back  ONE NIGHT ULTIMATE WEREWOLF  Retro 10_Game5_52",
    "Way Way Back  ONE NIGHT ULTIMATE WEREWOLF  Retro 10_Game5_57",
    "Way Way Back  ONE NIGHT ULTIMATE WEREWOLF  Retro 10_Game5_62",
    "Way Way Back  ONE NIGHT ULTIMATE WEREWOLF  Retro 10_Game5_73",
    "Way Way Back  ONE NIGHT ULTIMATE WEREWOLF  Retro 10_Game5_81",
    "Way Way Back  ONE NIGHT ULTIMATE WEREWOLF  Retro 10_Game5_89",
    "Way Way Back  ONE NIGHT ULTIMATE WEREWOLF  Retro 10_Game5_115",
    "Way Way Back  ONE NIGHT ULTIMATE WEREWOLF  Retro 10_Game5_123",
    "Way Way Back  ONE NIGHT ULTIMATE WEREWOLF  Retro 10_Game5_124",
    "Way Way Back  ONE NIGHT ULTIMATE WEREWOLF  Retro 10_Game5_126",
    "Way Way Back  ONE NIGHT ULTIMATE WEREWOLF  Retro 10_Game5_139",
    "Way Way Back  ONE NIGHT ULTIMATE WEREWOLF  Retro 10_Game5_142",
    "Way Way Back  ONE NIGHT ULTIMATE WEREWOLF  Retro 10_Game5_143",
    "Way Way Back  ONE NIGHT ULTIMATE WEREWOLF  Retro 10_Game5_150",
    "Way Way Back  ONE NIGHT ULTIMATE WEREWOLF  Retro 10_Game5_175",
    "Retrovision  ONE NIGHT ULTIMATE WEREWOLF  Retro 7_Game5_16",
    "Retrovision  ONE NIGHT ULTIMATE WEREWOLF  Retro 7_Game5_22",
    "Retrovision  ONE NIGHT ULTIMATE WEREWOLF  Retro 7_Game5_34",
    "Retrovision  ONE NIGHT ULTIMATE WEREWOLF  Retro 7_Game5_54",
    "Retrovision  ONE NIGHT ULTIMATE WEREWOLF  Retro 7_Game5_85",
    "Retrovision  ONE NIGHT ULTIMATE WEREWOLF  Retro 7_Game5_97",
    "Retrovision  ONE NIGHT ULTIMATE WEREWOLF  Retro 7_Game5_114",
    "Retrovision  ONE NIGHT ULTIMATE WEREWOLF  Retro 7_Game5_116",
    "Retrovision  ONE NIGHT ULTIMATE WEREWOLF  Retro 7_Game5_126",
    "Retrovision  ONE NIGHT ULTIMATE WEREWOLF  Retro 7_Game5_141",
    "Retrovision  ONE NIGHT ULTIMATE WEREWOLF  Retro 7_Game5_155",
    "Retrovision  ONE NIGHT ULTIMATE WEREWOLF  Retro 7_Game5_162",
    "Retrovision  ONE NIGHT ULTIMATE WEREWOLF  Retro 7_Game5_164",
    "Retrovision  ONE NIGHT ULTIMATE WEREWOLF  Retro 7_Game5_173",
    "Retrovision  ONE NIGHT ULTIMATE WEREWOLF  Retro 7_Game5_174",
    "ONE NIGHT ULTIMATE WEREWOLF  Retro 1_Game6_11",
    "ONE NIGHT ULTIMATE WEREWOLF  Retro 1_Game6_12",
    "ONE NIGHT ULTIMATE WEREWOLF  Retro 1_Game6_14",
    "ONE NIGHT ULTIMATE WEREWOLF  Retro 1_Game6_15",
    "ONE NIGHT ULTIMATE WEREWOLF  Retro 1_Game6_36",
    "ONE NIGHT ULTIMATE WEREWOLF  Retro 1_Game6_39",
    "ONE NIGHT ULTIMATE WEREWOLF  Retro 1_Game6_62",
    "ONE NIGHT ULTIMATE WEREWOLF  Retro 1_Game6_68",
    "ONE NIGHT ULTIMATE WEREWOLF  Retro 1_Game6_81",
    "ONE NIGHT ULTIMATE WEREWOLF  Retro 1_Game6_85",
    "ONE NIGHT ULTIMATE WEREWOLF  Retro 1_Game6_87",
    "ONE NIGHT ULTIMATE WEREWOLF  Retro 1_Game6_90",
    "ONE NIGHT ULTIMATE WEREWOLF  Retro 1_Game6_91",
    "ONE NIGHT ULTIMATE WEREWOLF  Retro 1_Game6_92",
    "ONE NIGHT ULTIMATE WEREWOLF  Retro 1_Game6_101",
    "ONE NIGHT ULTIMATE WEREWOLF  Retro 5_Game2_28",
    "ONE NIGHT ULTIMATE WEREWOLF  Retro 5_Game2_56",
    "ONE NIGHT ULTIMATE WEREWOLF  Retro 5_Game2_57",
    "ONE NIGHT ULTIMATE WEREWOLF  Retro 5_Game2_61",
    "ONE NIGHT ULTIMATE WEREWOLF  Retro 5_Game2_64",
    "ONE NIGHT ULTIMATE WEREWOLF  Retro 5_Game2_65",
    "ONE NIGHT ULTIMATE WEREWOLF  Retro 5_Game2_71",
    "ONE NIGHT ULTIMATE WEREWOLF  Retro 5_Game2_86",
    "ONE NIGHT ULTIMATE WEREWOLF  Retro 5_Game2_90",
    "ONE NIGHT ULTIMATE WEREWOLF  Retro 5_Game2_92",
    "ONE NIGHT ULTIMATE WEREWOLF  Retro 2_Game8_10",
    "ONE NIGHT ULTIMATE WEREWOLF  Retro 2_Game8_13",
    "ONE NIGHT ULTIMATE WEREWOLF  Retro 2_Game8_23",
    "ONE NIGHT ULTIMATE WEREWOLF  Retro 2_Game8_50",
    "ONE NIGHT ULTIMATE WEREWOLF  Retro 2_Game8_55",
    "ONE NIGHT ULTIMATE WEREWOLF  Retro 2_Game8_61",
    "ONE NIGHT ULTIMATE WEREWOLF  Retro 2_Game8_64",
    "ONE NIGHT ULTIMATE WEREWOLF  Retro 2_Game8_78",
    "ONE NIGHT ULTIMATE WEREWOLF  Retro 2_Game8_100",
    "ONE NIGHT ULTIMATE WEREWOLF  Retro 2_Game8_112",
    "ONE NIGHT ULTIMATE WEREWOLF 64  March 23rd 2019_Game4_7",
    "ONE NIGHT ULTIMATE WEREWOLF 64  March 23rd 2019_Game4_11",
    "ONE NIGHT ULTIMATE WEREWOLF 64  March 23rd 2019_Game4_13",
    "ONE NIGHT ULTIMATE WEREWOLF 64  March 23rd 2019_Game4_18",
    "ONE NIGHT ULTIMATE WEREWOLF 64  March 23rd 2019_Game4_22",
    "ONE NIGHT ULTIMATE WEREWOLF 64  March 23rd 2019_Game4_26",
    "ONE NIGHT ULTIMATE WEREWOLF 64  March 23rd 2019_Game4_51",
    "ONE NIGHT ULTIMATE WEREWOLF 64  March 23rd 2019_Game4_83",
    "ONE NIGHT ULTIMATE WEREWOLF 64  March 23rd 2019_Game4_84",
    "ONE NIGHT ULTIMATE WEREWOLF  Retro 1_Game3_21",
    "ONE NIGHT ULTIMATE WEREWOLF  Retro 1_Game3_22",
    "ONE NIGHT ULTIMATE WEREWOLF  Retro 1_Game3_34",
    "ONE NIGHT ULTIMATE WEREWOLF  Retro 1_Game3_37",
    "ONE NIGHT ULTIMATE WEREWOLF  Retro 1_Game3_48",
    "ONE NIGHT ULTIMATE WEREWOLF  Retro 1_Game3_50",
    "ONE NIGHT ULTIMATE WEREWOLF  Retro 1_Game3_51",
    "ONE NIGHT ULTIMATE WEREWOLF  Retro 1_Game3_68",
    "ONE NIGHT ULTIMATE WEREWOLF  Retro 1_Game3_71",
    "ONE NIGHT ULTIMATE WEREWOLF  Retro 1_Game3_74",
    "One Night Ultimate Werewolf 362 More Classic Werewolf_Game1_25",
    "One Night Ultimate Werewolf 362 More Classic Werewolf_Game1_26",
    "One Night Ultimate Werewolf 362 More Classic Werewolf_Game1_31",
    "One Night Ultimate Werewolf 362 More Classic Werewolf_Game1_32",
    "One Night Ultimate Werewolf 362 More Classic Werewolf_Game1_38",
    "One Night Ultimate Werewolf 362 More Classic Werewolf_Game1_50",
    "One Night Ultimate Werewolf 362 More Classic Werewolf_Game1_74",
    "One Night Ultimate Werewolf 362 More Classic Werewolf_Game1_96",
