{
  "loss": 0.09364582105938878,
  "f1": 0.7739463601532567,
  "precision": 0.8178137651821862,
  "recall": 0.7345454545454545,
  "accuracy": 0.9670758928571429,
  "report": "              precision    recall  f1-score   support\n\n           0       0.98      0.99      0.98      3309\n           1       0.82      0.73      0.77       275\n\n    accuracy                           0.97      3584\n   macro avg       0.90      0.86      0.88      3584\nweighted avg       0.97      0.97      0.97      3584\n"
}