{
  "loss": 0.42338092412267414,
  "f1": 0.545016077170418,
  "precision": 0.6152450090744102,
  "recall": 0.48917748917748916,
  "accuracy": 0.8420758928571429,
  "report": "              precision    recall  f1-score   support\n\n           0       0.88      0.93      0.90      2891\n           1       0.62      0.49      0.55       693\n\n    accuracy                           0.84      3584\n   macro avg       0.75      0.71      0.72      3584\nweighted avg       0.83      0.84      0.83      3584\n"
}