{
  "loss": 0.40268963906500077,
  "f1": 0.4569640062597809,
  "precision": 0.5387453874538746,
  "recall": 0.3967391304347826,
  "accuracy": 0.8493923611111112,
  "report": "              precision    recall  f1-score   support\n\n           0       0.89      0.94      0.91      1936\n           1       0.54      0.40      0.46       368\n\n    accuracy                           0.85      2304\n   macro avg       0.71      0.67      0.68      2304\nweighted avg       0.83      0.85      0.84      2304\n"
}