{
  "loss": 0.1711278176969952,
  "f1": 0.5563380281690141,
  "precision": 0.7523809523809524,
  "recall": 0.441340782122905,
  "accuracy": 0.9453125,
  "report": "              precision    recall  f1-score   support\n\n           0       0.95      0.99      0.97      2125\n           1       0.75      0.44      0.56       179\n\n    accuracy                           0.95      2304\n   macro avg       0.85      0.71      0.76      2304\nweighted avg       0.94      0.95      0.94      2304\n"
}