{
  "loss": 0.18508124564375197,
  "f1": 0.5684931506849316,
  "precision": 0.6887966804979253,
  "recall": 0.4839650145772595,
  "accuracy": 0.9296875,
  "report": "              precision    recall  f1-score   support\n\n           0       0.95      0.98      0.96      3241\n           1       0.69      0.48      0.57       343\n\n    accuracy                           0.93      3584\n   macro avg       0.82      0.73      0.77      3584\nweighted avg       0.92      0.93      0.92      3584\n"
}