{
  "loss": 0.47325351195675985,
  "f1": 0.25,
  "precision": 0.3435374149659864,
  "recall": 0.19649805447470817,
  "accuracy": 0.8309151785714286,
  "report": "              precision    recall  f1-score   support\n\n           0       0.87      0.94      0.90      3070\n           1       0.34      0.20      0.25       514\n\n    accuracy                           0.83      3584\n   macro avg       0.61      0.57      0.58      3584\nweighted avg       0.80      0.83      0.81      3584\n"
}