{
  "loss": 0.344896180762185,
  "f1": 0.24719101123595505,
  "precision": 0.4074074074074074,
  "recall": 0.1774193548387097,
  "accuracy": 0.9418402777777778,
  "report": "              precision    recall  f1-score   support\n\n           0       0.95      0.99      0.97      2180\n           1       0.41      0.18      0.25       124\n\n    accuracy                           0.94      2304\n   macro avg       0.68      0.58      0.61      2304\nweighted avg       0.93      0.94      0.93      2304\n"
}