{
  "loss": 0.24939044978883532,
  "f1": 0.7052631578947368,
  "precision": 0.639618138424821,
  "recall": 0.7859237536656891,
  "accuracy": 0.9027777777777778,
  "report": "              precision    recall  f1-score   support\n\n           0       0.96      0.92      0.94      1963\n           1       0.64      0.79      0.71       341\n\n    accuracy                           0.90      2304\n   macro avg       0.80      0.85      0.82      2304\nweighted avg       0.91      0.90      0.91      2304\n",
  "preds": [
    0,
    1,
    0,
    0,
    0,
    1,
    0,
    1,
    0,
    1,
    0,
    1,
    1,
    0,
    0,
    0,
    1,
    0,
    0,
    0,
    1,
    0,
    0,
    0,
    0,
    1,
    1,
    1,
    1,
    1,
    1,
    1,
    0,
    1,
    1,
    0,
    1,
    1,
    0,
    0,
    1,
    0,
    1,
    1,
    1,
    0,
    1,
    0,
    1,
    1,
    0,
    1,
    1,
    1,
    1,
    1,
    0,
    1,
    1,
    1,
    1,
    1,
    1,
    0,
    1,
    1,
    0,
    1,
    0,
    0,
    0,
    1,
    1,
    1,
    0,
    1,
    1,
    0,
    1,
    0,
    0,
    0,
    1,
    1,
    0,
    1,
    1,
    1,
    1,
    1,
    1,
    1,
    1,
    0,
    1,
    1,
    1,
    0,
    1,
    1,
    1,
    0,
    0,
    1,
    1,
    0,
    1,
    1,
    0,
    0,
    1,
    0,
    1,
    1,
    1,
    1,
    1,
    0,
    1,
    1,
    1,
    1,
    1,
    1,
    0,
    1,
    1,
    1,
    1,
    1,
    1,
    1,
    0,
    1,
    0,
    0,
    1,
    1,
    0,
    1,
    0,
    1,
    1,
    0,
    1,
    1,
    1,
    1,
    1,
    1,
    1,
    1,
    1,
    1,
    1,
    1,
    1,
    1,
    0,
    0,
    1,
    0,
    1,
    1,
    1,
    1,
    1,
    0,
    1,
    1,
    0,
    1,
    1,
    1,
    1,
    0,
    1,
    1,
    1,
    0,
    1,
    1,
    1,
    1,
    1,
    1,
    1,
    1,
    0,
    0,
    1,
    0,
    1,
    0,
    0,
    1,
    1,
    1,
    1,
    1,
    1,
    1,
    0,
    0,
    1,
    1,
    0,
    1,
    1,
    1,
    0,
    0,
    1,
    1,
    1,
    1,
    1,
    0,
    0,
    1,
    0,
    1,
    1,
    1
  ],
  "ids": [
    "Way Way Back  ONE NIGHT ULTIMATE WEREWOLF  Retro 10_Game5_47",
    "Way Way Back  ONE NIGHT ULTIMATE WEREWOLF  Retro 10_Game5_60",
    "Way Way Back  ONE NIGHT ULTIMATE WEREWOLF  Retro 10_Game5_62",
    "Way Way Back  ONE NIGHT ULTIMATE WEREWOLF  Retro 10_Game5_89",
    "Way Way Back  ONE NIGHT ULTIMATE WEREWOLF  Retro 10_Game5_99",
    "Way Way Back  ONE NIGHT ULTIMATE WEREWOLF  Retro 10_Game5_115",
    "Way Way Back  ONE NIGHT ULTIMATE WEREWOLF  Retro 10_Game5_124",
    "Way Way Back  ONE NIGHT ULTIMATE WEREWOLF  Retro 10_Game5_142",
    "Way Way Back  ONE NIGHT ULTIMATE WEREWOLF  Retro 10_Game5_150",
    "Way Way Back  ONE NIGHT ULTIMATE WEREWOLF  Retro 10_Game5_175",
    "Way Way Back  ONE NIGHT ULTIMATE WEREWOLF  Retro 10_Game5_183",
    "Retrovision  ONE NIGHT ULTIMATE WEREWOLF  Retro 7_Game5_16",
    "Retrovision  ONE NIGHT ULTIMATE WEREWOLF  Retro 7_Game5_17",
    "Retrovision  ONE NIGHT ULTIMATE WEREWOLF  Retro 7_Game5_32",
    "Retrovision  ONE NIGHT ULTIMATE WEREWOLF  Retro 7_Game5_54",
    "Retrovision  ONE NIGHT ULTIMATE WEREWOLF  Retro 7_Game5_85",
    "Retrovision  ONE NIGHT ULTIMATE WEREWOLF  Retro 7_Game5_92",
    "Retrovision  ONE NIGHT ULTIMATE WEREWOLF  Retro 7_Game5_96",
    "Retrovision  ONE NIGHT ULTIMATE WEREWOLF  Retro 7_Game5_114",
    "Retrovision  ONE NIGHT ULTIMATE WEREWOLF  Retro 7_Game5_126",
    "Retrovision  ONE NIGHT ULTIMATE WEREWOLF  Retro 7_Game5_141",
    "Retrovision  ONE NIGHT ULTIMATE WEREWOLF  Retro 7_Game5_155",
    "Retrovision  ONE NIGHT ULTIMATE WEREWOLF  Retro 7_Game5_162",
    "Retrovision  ONE NIGHT ULTIMATE WEREWOLF  Retro 7_Game5_164",
    "Retrovision  ONE NIGHT ULTIMATE WEREWOLF  Retro 7_Game5_165",
    "ONE NIGHT ULTIMATE WEREWOLF  Retro 1_Game6_11",
    "ONE NIGHT ULTIMATE WEREWOLF  Retro 1_Game6_14",
    "ONE NIGHT ULTIMATE WEREWOLF  Retro 1_Game6_23",
    "ONE NIGHT ULTIMATE WEREWOLF  Retro 1_Game6_28",
    "ONE NIGHT ULTIMATE WEREWOLF  Retro 1_Game6_35",
    "ONE NIGHT ULTIMATE WEREWOLF  Retro 1_Game6_51",
    "ONE NIGHT ULTIMATE WEREWOLF  Retro 1_Game6_55",
    "ONE NIGHT ULTIMATE WEREWOLF  Retro 1_Game6_56",
    "ONE NIGHT ULTIMATE WEREWOLF  Retro 1_Game6_62",
    "ONE NIGHT ULTIMATE WEREWOLF  Retro 1_Game6_63",
    "ONE NIGHT ULTIMATE WEREWOLF  Retro 1_Game6_68",
    "ONE NIGHT ULTIMATE WEREWOLF  Retro 1_Game6_85",
    "ONE NIGHT ULTIMATE WEREWOLF  Retro 1_Game6_87",
    "ONE NIGHT ULTIMATE WEREWOLF  Retro 1_Game6_90",
    "ONE NIGHT ULTIMATE WEREWOLF  Retro 5_Game2_56",
    "ONE NIGHT ULTIMATE WEREWOLF  Retro 5_Game2_57",
    "ONE NIGHT ULTIMATE WEREWOLF  Retro 5_Game2_61",
    "ONE NIGHT ULTIMATE WEREWOLF  Retro 2_Game8_12",
    "ONE NIGHT ULTIMATE WEREWOLF  Retro 2_Game8_13",
    "ONE NIGHT ULTIMATE WEREWOLF  Retro 2_Game8_23",
    "ONE NIGHT ULTIMATE WEREWOLF  Retro 2_Game8_26",
    "ONE NIGHT ULTIMATE WEREWOLF  Retro 2_Game8_47",
    "ONE NIGHT ULTIMATE WEREWOLF  Retro 2_Game8_54",
    "ONE NIGHT ULTIMATE WEREWOLF  Retro 2_Game8_61",
    "ONE NIGHT ULTIMATE WEREWOLF  Retro 2_Game8_64",
    "ONE NIGHT ULTIMATE WEREWOLF  Retro 2_Game8_80",
    "ONE NIGHT ULTIMATE WEREWOLF  Retro 2_Game8_87",
    "ONE NIGHT ULTIMATE WEREWOLF  Retro 2_Game8_94",
    "ONE NIGHT ULTIMATE WEREWOLF  Retro 2_Game8_115",
    "ONE NIGHT ULTIMATE WEREWOLF 64  March 23rd 2019_Game4_7",
    "ONE NIGHT ULTIMATE WEREWOLF 64  March 23rd 2019_Game4_11",
    "ONE NIGHT ULTIMATE WEREWOLF 64  March 23rd 2019_Game4_13",
    "ONE NIGHT ULTIMATE WEREWOLF 64  March 23rd 2019_Game4_18",
    "ONE NIGHT ULTIMATE WEREWOLF 64  March 23rd 2019_Game4_26",
    "ONE NIGHT ULTIMATE WEREWOLF 64  March 23rd 2019_Game4_33",
    "ONE NIGHT ULTIMATE WEREWOLF 64  March 23rd 2019_Game4_35",
    "ONE NIGHT ULTIMATE WEREWOLF 64  March 23rd 2019_Game4_37",
    "ONE NIGHT ULTIMATE WEREWOLF 64  March 23rd 2019_Game4_51",
    "ONE NIGHT ULTIMATE WEREWOLF 64  March 23rd 2019_Game4_61",
    "ONE NIGHT ULTIMATE WEREWOLF 64  March 23rd 2019_Game4_79",
    "ONE NIGHT ULTIMATE WEREWOLF 64  March 23rd 2019_Game4_83",
    "ONE NIGHT ULTIMATE WEREWOLF  Retro 1_Game3_14",
    "ONE NIGHT ULTIMATE WEREWOLF  Retro 1_Game3_37",
    "ONE NIGHT ULTIMATE WEREWOLF  Retro 1_Game3_45",
    "ONE NIGHT ULTIMATE WEREWOLF  Retro 1_Game3_48",
    "ONE NIGHT ULTIMATE WEREWOLF  Retro 1_Game3_51",
    "ONE NIGHT ULTIMATE WEREWOLF  Retro 1_Game3_52",
    "ONE NIGHT ULTIMATE WEREWOLF  Retro 1_Game3_68",
    "ONE NIGHT ULTIMATE WEREWOLF  Retro 1_Game3_71",
    "ONE NIGHT ULTIMATE WEREWOLF  Retro 1_Game3_74",
    "ONE NIGHT ULTIMATE WEREWOLF  Retro 1_Game3_75",
    "One Night Ultimate Werewolf 362 More Classic Werewolf_Game1_11",
    "One Night Ultimate Werewolf 362 More Classic Werewolf_Game1_25",
    "One Night Ultimate Werewolf 362 More Classic Werewolf_Game1_26",
    "One Night Ultimate Werewolf 362 More Classic Werewolf_Game1_31",
    "One Night Ultimate Werewolf 362 More Classic Werewolf_Game1_32",
    "One Night Ultimate Werewolf 362 More Classic Werewolf_Game1_38",
    "One Night Ultimate Werewolf 362 More Classic Werewolf_Game1_74",
    "One Night Ultimate Werewolf 362 More Classic Werewolf_Game1_93",
    "One Night Ultimate Werewolf 362 More Classic Werewolf_Game1_97",
    "One Night Ultimate Werewolf 362 More Classic Werewolf_Game1_99",
    "One Night Ultimate Werewolf 362 More Classic Werewolf_Game1_102",
    "One Night Ultimate Werewolf 362 More Classic Werewolf_Game1_112",
    "One Night Ultimate Werewolf 362 More Classic Werewolf_Game1_113",
    "One Night Ultimate Werewolf 362 More Classic Werewolf_Game1_114",
    "One Night Ultimate Werewolf 362 More Classic Werewolf_Game1_123",
    "One Night Ultimate Werewolf 362 More Classic Werewolf_Game1_124",
    "One Night Ultimate Werewolf 362 More Classic Werewolf_Game1_128",
    "One Night Ultimate Werewolf 362 More Classic Werewolf_Game1_136",
    "One Night Ultimate Werewolf 362 More Classic Werewolf_Game1_141",
