{
  "loss": 0.4638550596104728,
  "f1": 0.24158415841584158,
  "precision": 0.46923076923076923,
  "recall": 0.16266666666666665,
  "accuracy": 0.8337673611111112,
  "report": "              precision    recall  f1-score   support\n\n           0       0.86      0.96      0.91      1929\n           1       0.47      0.16      0.24       375\n\n    accuracy                           0.83      2304\n   macro avg       0.66      0.56      0.57      2304\nweighted avg       0.79      0.83      0.80      2304\n"
}