{
  "loss": 0.42657003468937343,
  "f1": 0.29133858267716534,
  "precision": 0.49333333333333335,
  "recall": 0.20670391061452514,
  "accuracy": 0.921875,
  "report": "              precision    recall  f1-score   support\n\n           0       0.94      0.98      0.96      2125\n           1       0.49      0.21      0.29       179\n\n    accuracy                           0.92      2304\n   macro avg       0.71      0.59      0.62      2304\nweighted avg       0.90      0.92      0.91      2304\n"
}