{
  "loss": 0.5393242197377341,
  "f1": 0.25239005736137665,
  "precision": 0.36666666666666664,
  "recall": 0.1924198250728863,
  "accuracy": 0.8909040178571429,
  "report": "              precision    recall  f1-score   support\n\n           0       0.92      0.96      0.94      3241\n           1       0.37      0.19      0.25       343\n\n    accuracy                           0.89      3584\n   macro avg       0.64      0.58      0.60      3584\nweighted avg       0.87      0.89      0.88      3584\n"
}