{
  "loss": 0.3423568606376648,
  "f1": 0.6450482033304119,
  "precision": 0.6195286195286195,
  "recall": 0.6727605118829981,
  "accuracy": 0.8869977678571429,
  "report": "              precision    recall  f1-score   support\n\n           0       0.94      0.93      0.93      3037\n           1       0.62      0.67      0.65       547\n\n    accuracy                           0.89      3584\n   macro avg       0.78      0.80      0.79      3584\nweighted avg       0.89      0.89      0.89      3584\n"
}