{
  "loss": 0.20194602178202736,
  "f1": 0.7099697885196374,
  "precision": 0.7320872274143302,
  "recall": 0.6891495601173021,
  "accuracy": 0.9166666666666666,
  "report": "              precision    recall  f1-score   support\n\n           0       0.95      0.96      0.95      1963\n           1       0.73      0.69      0.71       341\n\n    accuracy                           0.92      2304\n   macro avg       0.84      0.82      0.83      2304\nweighted avg       0.91      0.92      0.92      2304\n"
}