{
  "loss": 0.22989818560225622,
  "f1": 0.660377358490566,
  "precision": 0.682261208576998,
  "recall": 0.6398537477148081,
  "accuracy": 0.8995535714285714,
  "report": "              precision    recall  f1-score   support\n\n           0       0.94      0.95      0.94      3037\n           1       0.68      0.64      0.66       547\n\n    accuracy                           0.90      3584\n   macro avg       0.81      0.79      0.80      3584\nweighted avg       0.90      0.90      0.90      3584\n"
}