{
  "loss": 0.47268330891043814,
  "f1": 0.576,
  "precision": 0.6382978723404256,
  "recall": 0.5247813411078717,
  "accuracy": 0.9263888888888889,
  "report": "              precision    recall  f1-score   support\n\n           0       0.95      0.97      0.96      3257\n           1       0.64      0.52      0.58       343\n\n    accuracy                           0.93      3600\n   macro avg       0.79      0.75      0.77      3600\nweighted avg       0.92      0.93      0.92      3600\n",
  "preds": [
    1,
    1,
    1,
    0,
    0,
    0,
    0,
    0,
    0,
    0,
    0,
    1,
    1,
    1,
    1,
    1,
    1,
    1,
    1,
    1,
    1,
    0,
    0,
    0,
    0,
    0,
    0,
    0,
    0,
    0,
    1,
    1,
    0,
    0,
    0,
    0,
    1,
    1,
    1,
    0,
    0,
    0,
    1,
    0,
    0,
    1,
    0,
    0,
    0,
    1,
    0,
    1,
    0,
    1,
    1,
    0,
    0,
    0,
    0,
    0,
    0,
    1,
    0,
    0,
    0,
    1,
    0,
    0,
    0,
    1,
    1,
    1,
    1,
    0,
    0,
    0,
    0,
    0,
    0,
    0,
    1,
    0,
    0,
    1,
    0,
    1,
    1,
    1,
    1,
    0,
    1,
    0,
    0,
    1,
    1,
    0,
    1,
    1,
    1,
    0,
    0,
    0,
    0,
    0,
    1,
    0,
    0,
    1,
    1,
    0,
    1,
    1,
    0,
    0,
    1,
    1,
    0,
    1,
    0,
    1,
    1,
    0,
    1,
    0,
    0,
    0,
    0,
    0,
    0,
    0,
    0,
    0,
    0,
    1,
    0,
    0,
    0,
    0,
    0,
    0,
    0,
    0,
    0,
    0,
    0,
    0,
    1,
    0,
    0,
    1,
    0,
    0,
    0,
    0,
    1,
    1,
    1,
    1,
    1,
    0,
    1,
    0,
    1,
    0,
    0,
    1,
    1,
    1,
    1,
    0,
    0,
    1,
    1,
    1,
    1,
    0,
    1,
    0,
    0,
    1,
    0,
    1,
    1,
    0,
    1,
    0,
    0,
    0,
    1,
    0,
    1,
    0,
    1,
    1,
    0,
    1,
    0,
    0,
    0,
    0,
    1,
    0,
    0,
    0,
    1,
    1,
    0,
    0,
    0,
    0,
    0,
    0,
    1,
    0,
    0,
    0,
    1,
    0,
    1,
    1,
    0,
    0,
    1,
    0,
    1,
    0,
    0,
    0,
    0,
    0,
    1,
    0,
    0,
    0,
    0,
    1,
    1,
    1,
    0,
    1,
    0,
    0,
    0,
    0,
    0,
    0,
    1,
    0,
    0,
    1,
    0,
    1,
    1,
    0,
    0,
    1,
    1,
    0,
    1,
    0,
    0,
    0,
    0,
    0,
    0
  ],
  "ids": [
    "ONE NIGHT ULTIMATE WEREWOLF 45  October 13th 2018_Game6_9",
    "ONE NIGHT ULTIMATE WEREWOLF 45  October 13th 2018_Game6_34",
    "ONE NIGHT ULTIMATE WEREWOLF 45  October 13th 2018_Game6_36",
    "ONE NIGHT ULTIMATE WEREWOLF 45  October 13th 2018_Game6_56",
    "ONE NIGHT ULTIMATE WEREWOLF 45  October 13th 2018_Game6_65",
    "ONE NIGHT ULTIMATE WEREWOLF 45  October 13th 2018_Game6_67",
    "ONE NIGHT ULTIMATE WEREWOLF 45  October 13th 2018_Game6_69",
    "ONE NIGHT ULTIMATE WEREWOLF 45  October 13th 2018_Game6_82",
    "ONE NIGHT ULTIMATE WEREWOLF 45  October 13th 2018_Game6_83",
    "ONE NIGHT ULTIMATE WEREWOLF 45  October 13th 2018_Game6_89",
    "ONE NIGHT ULTIMATE WEREWOLF 43  October 13th 2018_Game3_17",
    "ONE NIGHT ULTIMATE WEREWOLF 43  October 13th 2018_Game3_21",
    "ONE NIGHT ULTIMATE WEREWOLF 43  October 13th 2018_Game3_23",
    "ONE NIGHT ULTIMATE WEREWOLF 43  October 13th 2018_Game3_28",
    "ONE NIGHT ULTIMATE WEREWOLF 43  October 13th 2018_Game3_29",
    "ONE NIGHT ULTIMATE WEREWOLF 43  October 13th 2018_Game3_33",
    "ONE NIGHT ULTIMATE WEREWOLF 43  October 13th 2018_Game3_37",
    "ONE NIGHT ULTIMATE WEREWOLF 43  October 13th 2018_Game3_64",
    "ONE NIGHT ULTIMATE WEREWOLF 43  October 13th 2018_Game3_76",
    "ONE NIGHT ULTIMATE WEREWOLF 43  October 13th 2018_Game3_86",
    "ONE NIGHT ULTIMATE WEREWOLF 43  October 13th 2018_Game3_91",
    "ONE NIGHT ULTIMATE WEREWOLF 43  October 13th 2018_Game3_117",
    "ONE NIGHT ULTIMATE WEREWOLF 43  October 13th 2018_Game3_124",
    "ONE NIGHT ULTIMATE WEREWOLF 18  September 30th 2017_Game1_9",
    "ONE NIGHT ULTIMATE WEREWOLF 18  September 30th 2017_Game1_13",
    "ONE NIGHT ULTIMATE WEREWOLF 18  September 30th 2017_Game1_20",
    "ONE NIGHT ULTIMATE WEREWOLF 18  September 30th 2017_Game1_23",
    "ONE NIGHT ULTIMATE WEREWOLF 18  September 30th 2017_Game1_27",
    "ONE NIGHT ULTIMATE WEREWOLF 18  September 30th 2017_Game1_36",
    "ONE NIGHT ULTIMATE WEREWOLF 18  September 30th 2017_Game1_48",
    "ONE NIGHT ULTIMATE WEREWOLF 18  September 30th 2017_Game1_51",
    "ONE NIGHT ULTIMATE WEREWOLF 18  September 30th 2017_Game1_53",
    "ONE NIGHT ULTIMATE WEREWOLF 18  September 30th 2017_Game1_59",
    "ONE NIGHT ULTIMATE WEREWOLF 18  September 30th 2017_Game1_63",
    "ONE NIGHT ULTIMATE WEREWOLF 18  September 30th 2017_Game1_67",
    "ONE NIGHT ULTIMATE WEREWOLF 89  November 30th 2019_Game3_32",
    "ONE NIGHT ULTIMATE WEREWOLF 89  November 30th 2019_Game3_49",
    "ONE NIGHT ULTIMATE WEREWOLF 89  November 30th 2019_Game3_57",
    "One Night Ultimate Werewolf GAME NIGHT!!_Game2_10",
    "One Night Ultimate Werewolf GAME NIGHT!!_Game2_36",
    "One Night Ultimate Werewolf GAME NIGHT!!_Game2_38",
    "One Night Ultimate Werewolf GAME NIGHT!!_Game2_46",
    "One Night Ultimate Werewolf GAME NIGHT!!_Game2_52",
    "One Night Ultimate Werewolf GAME NIGHT!!_Game2_55",
    "Visions from 2016  ONE NIGHT ULTIMATE WEREWOLF  Retro 11_Game1_19",
    "Visions from 2016  ONE NIGHT ULTIMATE WEREWOLF  Retro 11_Game1_28",
    "Visions from 2016  ONE NIGHT ULTIMATE WEREWOLF  Retro 11_Game1_100",
    "Visions from 2016  ONE NIGHT ULTIMATE WEREWOLF  Retro 11_Game1_114",
    "Visions from 2016  ONE NIGHT ULTIMATE WEREWOLF  Retro 11_Game1_116",
    "Visions from 2016  ONE NIGHT ULTIMATE WEREWOLF  Retro 11_Game1_118",
    "Visions from 2016  ONE NIGHT ULTIMATE WEREWOLF  Retro 11_Game1_121",
    "Visions from 2016  ONE NIGHT ULTIMATE WEREWOLF  Retro 11_Game1_137",
    "Visions from 2016  ONE NIGHT ULTIMATE WEREWOLF  Retro 11_Game1_139",
    "ONE NIGHT ULTIMATE WEREWOLF 87  November 9th 2019_Game1_14",
    "ONE NIGHT ULTIMATE WEREWOLF 87  November 9th 2019_Game1_47",
    "ONE NIGHT ULTIMATE WEREWOLF 87  November 9th 2019_Game1_50",
    "ONE NIGHT ULTIMATE WEREWOLF 87  November 9th 2019_Game1_54",
    "ONE NIGHT ULTIMATE WEREWOLF 87  November 9th 2019_Game1_62",
    "ONE NIGHT ULTIMATE WEREWOLF 87  November 9th 2019_Game1_65",
    "ONE NIGHT ULTIMATE WEREWOLF 87  November 9th 2019_Game1_109",
    "ONE NIGHT ULTIMATE WEREWOLF 87  November 9th 2019_Game1_116",
    "ONE NIGHT ULTIMATE WEREWOLF 87  November 9th 2019_Game1_117",
    "ONE NIGHT ULTIMATE WEREWOLF 87  November 9th 2019_Game1_118",
    "ONE NIGHT ULTIMATE WEREWOLF 87  November 9th 2019_Game1_119",
    "ONE NIGHT ULTIMATE WEREWOLF 87  November 9th 2019_Game1_136",
    "ONE NIGHT ULTIMATE WEREWOLF  Retro 1_Game1_20",
    "ONE NIGHT ULTIMATE WEREWOLF  Retro 1_Game1_33",
    "Ye Olde Times  ONE NIGHT ULTIMATE WEREWOLF  Retro 8_Game4_27",
    "Ye Olde Times  ONE NIGHT ULTIMATE WEREWOLF  Retro 8_Game4_46",
    "Ye Olde Times  ONE NIGHT ULTIMATE WEREWOLF  Retro 8_Game4_59",
    "Ye Olde Times  ONE NIGHT ULTIMATE WEREWOLF  Retro 8_Game4_65",
    "Ye Olde Times  ONE NIGHT ULTIMATE WEREWOLF  Retro 8_Game4_70",
    "Ye Olde Times  ONE NIGHT ULTIMATE WEREWOLF  Retro 8_Game4_93",
    "Ye Olde Times  ONE NIGHT ULTIMATE WEREWOLF  Retro 8_Game4_97",
    "Ye Olde Times  ONE NIGHT ULTIMATE WEREWOLF  Retro 8_Game4_113",
    "Ye Olde Times  ONE NIGHT ULTIMATE WEREWOLF  Retro 8_Game4_115",
    "Ye Olde Times  ONE NIGHT ULTIMATE WEREWOLF  Retro 8_Game4_151",
    "Ye Olde Times  ONE NIGHT ULTIMATE WEREWOLF  Retro 8_Game4_156",
    "ONE NIGHT ULTIMATE WEREWOLF  Retro 4_Game6_53",
    "ONE NIGHT ULTIMATE WEREWOLF  Retro 4_Game6_57",
    "ONE NIGHT ULTIMATE WEREWOLF  Retro 4_Game6_60",
    "ONE NIGHT ULTIMATE WEREWOLF  Retro 4_Game6_68",
    "Retrovision  ONE NIGHT ULTIMATE WEREWOLF  Retro 7_Game3_14",
    "Retrovision  ONE NIGHT ULTIMATE WEREWOLF  Retro 7_Game3_15",
    "Retrovision  ONE NIGHT ULTIMATE WEREWOLF  Retro 7_Game3_22",
