{
  "loss": 0.39427854942228974,
  "f1": 0.5432835820895522,
  "precision": 0.6275862068965518,
  "recall": 0.4789473684210526,
  "accuracy": 0.9379058441558441,
  "report": "              precision    recall  f1-score   support\n\n           0       0.96      0.98      0.97      2274\n           1       0.63      0.48      0.54       190\n\n    accuracy                           0.94      2464\n   macro avg       0.79      0.73      0.75      2464\nweighted avg       0.93      0.94      0.93      2464\n",
  "preds": [
    0,
    1,
    0,
    1,
    0,
    1,
    0,
    0,
    0,
    1,
    0,
    0,
    0,
    0,
    0,
    0,
    0,
    0,
    0,
    0,
    0,
    1,
    0,
    0,
    1,
    0,
    0,
    0,
    1,
    0,
    1,
    0,
    1,
    0,
    1,
    1,
    0,
    1,
    1,
    0,
    1,
    0,
    0,
    0,
    1,
    0,
    1,
    1,
    0,
    0,
    0,
    0,
    1,
    1,
    0,
    0,
    0,
    0,
    0,
    0,
    1,
    1,
    0,
    0,
    1,
    0,
    1,
    0,
    0,
    0,
    0,
    1,
    0,
    0,
    1,
    0,
    1,
    0,
    0,
    0,
    0,
    0,
    0,
    0,
    0,
    0,
    0,
    1,
    0,
    1,
    1,
    0,
    0,
    1,
    0,
    0,
    1,
    1,
    1,
    1,
    0,
    0,
    0,
    0,
    0,
    0,
    0,
    0,
    0,
    0,
    0,
    0,
    1,
    0,
    1,
    0,
    1,
    0,
    1,
    0,
    0,
    0,
    0,
    0,
    1,
    0,
    0,
    0,
    1,
    1,
    1,
    0,
    0,
    1,
    1,
    1,
    1,
    0,
    0,
    1,
    1,
    1,
    0,
    1,
    1,
    1,
    1,
    0,
    0,
    0,
    0,
    0,
    1
  ],
  "ids": [
    "Way Way Back  ONE NIGHT ULTIMATE WEREWOLF  Retro 10_Game5_110",
    "Way Way Back  ONE NIGHT ULTIMATE WEREWOLF  Retro 10_Game5_173",
    "Way Way Back  ONE NIGHT ULTIMATE WEREWOLF  Retro 10_Game5_175",
    "Retrovision  ONE NIGHT ULTIMATE WEREWOLF  Retro 7_Game5_35",
    "Retrovision  ONE NIGHT ULTIMATE WEREWOLF  Retro 7_Game5_38",
    "Retrovision  ONE NIGHT ULTIMATE WEREWOLF  Retro 7_Game5_55",
    "Retrovision  ONE NIGHT ULTIMATE WEREWOLF  Retro 7_Game5_67",
    "Retrovision  ONE NIGHT ULTIMATE WEREWOLF  Retro 7_Game5_69",
    "Retrovision  ONE NIGHT ULTIMATE WEREWOLF  Retro 7_Game5_89",
    "Retrovision  ONE NIGHT ULTIMATE WEREWOLF  Retro 7_Game5_136",
    "Retrovision  ONE NIGHT ULTIMATE WEREWOLF  Retro 7_Game5_179",
    "ONE NIGHT ULTIMATE WEREWOLF  Retro 1_Game6_12",
    "ONE NIGHT ULTIMATE WEREWOLF  Retro 1_Game6_20",
    "ONE NIGHT ULTIMATE WEREWOLF  Retro 1_Game6_48",
    "ONE NIGHT ULTIMATE WEREWOLF  Retro 1_Game6_59",
    "ONE NIGHT ULTIMATE WEREWOLF  Retro 1_Game6_62",
    "ONE NIGHT ULTIMATE WEREWOLF  Retro 1_Game6_66",
    "ONE NIGHT ULTIMATE WEREWOLF  Retro 5_Game2_28",
    "ONE NIGHT ULTIMATE WEREWOLF  Retro 5_Game2_45",
    "ONE NIGHT ULTIMATE WEREWOLF  Retro 5_Game2_61",
    "ONE NIGHT ULTIMATE WEREWOLF  Retro 5_Game2_66",
    "ONE NIGHT ULTIMATE WEREWOLF  Retro 5_Game2_83",
    "ONE NIGHT ULTIMATE WEREWOLF  Retro 5_Game2_86",
    "ONE NIGHT ULTIMATE WEREWOLF  Retro 2_Game8_12",
    "ONE NIGHT ULTIMATE WEREWOLF  Retro 2_Game8_38",
    "ONE NIGHT ULTIMATE WEREWOLF  Retro 2_Game8_61",
    "ONE NIGHT ULTIMATE WEREWOLF  Retro 2_Game8_88",
    "ONE NIGHT ULTIMATE WEREWOLF 64  March 23rd 2019_Game4_18",
    "ONE NIGHT ULTIMATE WEREWOLF 64  March 23rd 2019_Game4_20",
    "ONE NIGHT ULTIMATE WEREWOLF 64  March 23rd 2019_Game4_33",
    "ONE NIGHT ULTIMATE WEREWOLF 64  March 23rd 2019_Game4_68",
    "ONE NIGHT ULTIMATE WEREWOLF 64  March 23rd 2019_Game4_77",
    "ONE NIGHT ULTIMATE WEREWOLF 64  March 23rd 2019_Game4_82",
    "ONE NIGHT ULTIMATE WEREWOLF 64  March 23rd 2019_Game4_83",
    "ONE NIGHT ULTIMATE WEREWOLF  Retro 1_Game3_19",
    "ONE NIGHT ULTIMATE WEREWOLF  Retro 1_Game3_74",
    "One Night Ultimate Werewolf 362 More Classic Werewolf_Game1_72",
    "One Night Ultimate Werewolf 362 More Classic Werewolf_Game1_73",
    "One Night Ultimate Werewolf 362 More Classic Werewolf_Game1_74",
    "One Night Ultimate Werewolf 362 More Classic Werewolf_Game1_80",
    "One Night Ultimate Werewolf 362 More Classic Werewolf_Game1_98",
    "One Night Ultimate Werewolf 362 More Classic Werewolf_Game1_102",
    "One Night Ultimate Werewolf 362 More Classic Werewolf_Game1_123",
    "One Night Ultimate Werewolf 362 More Classic Werewolf_Game1_124",
    "One Night Ultimate Werewolf 362 More Classic Werewolf_Game1_138",
    "One Night Ultimate Werewolf 362 More Classic Werewolf_Game1_140",
    "One Night Ultimate Werewolf 362 More Classic Werewolf_Game1_145",
    "One Night Ultimate Werewolf 362 More Classic Werewolf_Game1_146",
    "One Night Ultimate Werewolf 362 More Classic Werewolf_Game1_156",
    "One Night Ultimate Werewolf 362 More Classic Werewolf_Game1_174",
    "One Night Ultimate Werewolf 362 More Classic Werewolf_Game1_182",
    "One Night Ultimate Werewolf 362 More Classic Werewolf_Game1_189",
    "One Night Ultimate Werewolf 362 More Classic Werewolf_Game1_250",
    "One Night Ultimate Werewolf 362 More Classic Werewolf_Game1_255",
    "ONE NIGHT ULTIMATE WEREWOLF 9  November 6th 2016_Game4_3",
    "ONE NIGHT ULTIMATE WEREWOLF 9  November 6th 2016_Game4_6",
    "ONE NIGHT ULTIMATE WEREWOLF 9  November 6th 2016_Game4_13",
    "ONE NIGHT ULTIMATE WEREWOLF 9  November 6th 2016_Game4_28",
    "ONE NIGHT ULTIMATE WEREWOLF 9  November 6th 2016_Game4_31",
    "ONE NIGHT ULTIMATE WEREWOLF 9  November 6th 2016_Game4_37",
    "ONE NIGHT ULTIMATE WEREWOLF 9  November 6th 2016_Game4_73",
    "ONE NIGHT ULTIMATE WEREWOLF 9  November 6th 2016_Game4_96",
    "ONE NIGHT ULTIMATE WEREWOLF 9  November 6th 2016_Game4_128",
    "ONE NIGHT ULTIMATE WEREWOLF 9  November 6th 2016_Game4_142",
    "ONE NIGHT ULTIMATE WEREWOLF 9  November 6th 2016_Game4_152",
    "ONE NIGHT ULTIMATE WEREWOLF 9  November 6th 2016_Game4_163",
    "One Night Ultimate Werewolf 363 Even More Classic Werewolf_Game1_85",
    "One Night Ultimate Werewolf 363 Even More Classic Werewolf_Game1_90",
    "One Night Ultimate Werewolf 363 Even More Classic Werewolf_Game1_97",
    "One Night Ultimate Werewolf 363 Even More Classic Werewolf_Game1_111",
    "One Night Ultimate Werewolf 363 Even More Classic Werewolf_Game1_117",
    "One Night Ultimate Werewolf 363 Even More Classic Werewolf_Game1_130",
    "One Night Ultimate Werewolf 363 Even More Classic Werewolf_Game1_134",
    "One Night Ultimate Werewolf 363 Even More Classic Werewolf_Game1_163",
    "One Night Ultimate Werewolf 363 Even More Classic Werewolf_Game1_173",
    "One Night Ultimate Werewolf 363 Even More Classic Werewolf_Game1_229",
    "One Night Ultimate Werewolf 363 Even More Classic Werewolf_Game1_256",
    "ONE NIGHT ULTIMATE WEREWOLF 34  March 24th 2018_Game2_17",
    "ONE NIGHT ULTIMATE WEREWOLF 34  March 24th 2018_Game2_20",
    "ONE NIGHT ULTIMATE WEREWOLF 34  March 24th 2018_Game2_27",
    "ONE NIGHT ULTIMATE WEREWOLF 34  March 24th 2018_Game2_30",
    "ONE NIGHT ULTIMATE WEREWOLF 34  March 24th 2018_Game2_32",
    "ONE NIGHT ULTIMATE WEREWOLF 34  March 24th 2018_Game2_39",
    "ONE NIGHT ULTIMATE WEREWOLF 34  March 24th 2018_Game2_41",
    "ONE NIGHT ULTIMATE WEREWOLF 34  March 24th 2018_Game2_42",
    "ONE NIGHT ULTIMATE WEREWOLF 34  March 24th 2018_Game2_44",
    "ONE NIGHT ULTIMATE WEREWOLF 34  March 24th 2018_Game2_46",
    "ONE NIGHT ULTIMATE WEREWOLF 34  March 24th 2018_Game2_62",
    "ONE NIGHT ULTIMATE WEREWOLF 34  March 24th 2018_Game2_65",
    "ONE NIGHT ULTIMATE WEREWOLF 34  March 24th 2018_Game2_69",
    "ONE NIGHT ULTIMATE WEREWOLF 34  March 24th 2018_Game2_73",
    "ONE NIGHT ULTIMATE WEREWOLF 34  March 24th 2018_Game2_74",
    "ONE NIGHT ULTIMATE WEREWOLF 34  March 24th 2018_Game2_77",
    "ONE NIGHT ULTIMATE WEREWOLF 34  March 24th 2018_Game2_84",
    "ONE NIGHT ULTIMATE WEREWOLF 34  March 24th 2018_Game2_118",
    "ONE NIGHT ULTIMATE WEREWOLF 34  March 24th 2018_Game2_123",
    "One Night Ultimate Werewolf 491 Classic Werewolf_Game1_8",
    "One Night Ultimate Werewolf 491 Classic Werewolf_Game1_10",
