{
  "loss": 0.5328731361244406,
  "f1": 0.47186574531095754,
  "precision": 0.4789579158316633,
  "recall": 0.4649805447470817,
  "accuracy": 0.8507254464285714,
  "report": "              precision    recall  f1-score   support\n\n           0       0.91      0.92      0.91      3070\n           1       0.48      0.46      0.47       514\n\n    accuracy                           0.85      3584\n   macro avg       0.69      0.69      0.69      3584\nweighted avg       0.85      0.85      0.85      3584\n"
}