{
  "loss": 0.4365766379568312,
  "f1": 0.5705882352941176,
  "precision": 0.6024844720496895,
  "recall": 0.5418994413407822,
  "accuracy": 0.9366319444444444,
  "report": "              precision    recall  f1-score   support\n\n           0       0.96      0.97      0.97      2125\n           1       0.60      0.54      0.57       179\n\n    accuracy                           0.94      2304\n   macro avg       0.78      0.76      0.77      2304\nweighted avg       0.93      0.94      0.94      2304\n",
  "preds": [
    1,
    1,
    1,
    1,
    1,
    0,
    1,
    1,
    0,
    1,
    0,
    0,
    1,
    1,
    1,
    0,
    0,
    0,
    0,
    0,
    0,
    1,
    1,
    1,
    1,
    0,
    0,
    0,
    0,
    1,
    0,
    1,
    1,
    1,
    0,
    0,
    0,
    1,
    1,
    1,
    1,
    1,
    1,
    1,
    0,
    0,
    1,
    1,
    0,
    0,
    0,
    1,
    0,
    0,
    0,
    0,
    0,
    0,
    0,
    0,
    0,
    0,
    1,
    0,
    1,
    1,
    1,
    0,
    0,
    1,
    1,
    1,
    0,
    0,
    0,
    1,
    1,
    1,
    0,
    1,
    1,
    1,
    0,
    0,
    0,
    0,
    0,
    1,
    0,
    0,
    1,
    0,
    1,
    0,
    0,
    1,
    1,
    1,
    0,
    1,
    0,
    1,
    0,
    0,
    0,
    0,
    0,
    1,
    0,
    0,
    0,
    0,
    0,
    0,
    1,
    0,
    0,
    0,
    0,
    1,
    0,
    0,
    0,
    1,
    0,
    1,
    0,
    0,
    0,
    0,
    0,
    0,
    0,
    1,
    1,
    1,
    0,
    0,
    1,
    1,
    1,
    0,
    1,
    1,
    0,
    1
  ],
  "ids": [
    "Way Way Back  ONE NIGHT ULTIMATE WEREWOLF  Retro 10_Game5_4",
    "Way Way Back  ONE NIGHT ULTIMATE WEREWOLF  Retro 10_Game5_58",
    "Way Way Back  ONE NIGHT ULTIMATE WEREWOLF  Retro 10_Game5_67",
    "Way Way Back  ONE NIGHT ULTIMATE WEREWOLF  Retro 10_Game5_77",
    "Way Way Back  ONE NIGHT ULTIMATE WEREWOLF  Retro 10_Game5_105",
    "Way Way Back  ONE NIGHT ULTIMATE WEREWOLF  Retro 10_Game5_175",
    "Retrovision  ONE NIGHT ULTIMATE WEREWOLF  Retro 7_Game5_33",
    "Retrovision  ONE NIGHT ULTIMATE WEREWOLF  Retro 7_Game5_35",
    "Retrovision  ONE NIGHT ULTIMATE WEREWOLF  Retro 7_Game5_38",
    "Retrovision  ONE NIGHT ULTIMATE WEREWOLF  Retro 7_Game5_57",
    "Retrovision  ONE NIGHT ULTIMATE WEREWOLF  Retro 7_Game5_69",
    "Retrovision  ONE NIGHT ULTIMATE WEREWOLF  Retro 7_Game5_89",
    "Retrovision  ONE NIGHT ULTIMATE WEREWOLF  Retro 7_Game5_123",
    "Retrovision  ONE NIGHT ULTIMATE WEREWOLF  Retro 7_Game5_162",
    "Retrovision  ONE NIGHT ULTIMATE WEREWOLF  Retro 7_Game5_164",
    "Retrovision  ONE NIGHT ULTIMATE WEREWOLF  Retro 7_Game5_179",
    "ONE NIGHT ULTIMATE WEREWOLF  Retro 1_Game6_12",
    "ONE NIGHT ULTIMATE WEREWOLF  Retro 1_Game6_20",
    "ONE NIGHT ULTIMATE WEREWOLF  Retro 1_Game6_59",
    "ONE NIGHT ULTIMATE WEREWOLF  Retro 1_Game6_62",
    "ONE NIGHT ULTIMATE WEREWOLF  Retro 1_Game6_66",
    "ONE NIGHT ULTIMATE WEREWOLF  Retro 1_Game6_68",
    "ONE NIGHT ULTIMATE WEREWOLF  Retro 1_Game6_89",
    "ONE NIGHT ULTIMATE WEREWOLF  Retro 5_Game2_35",
    "ONE NIGHT ULTIMATE WEREWOLF  Retro 5_Game2_46",
    "ONE NIGHT ULTIMATE WEREWOLF  Retro 5_Game2_50",
    "ONE NIGHT ULTIMATE WEREWOLF  Retro 5_Game2_61",
    "ONE NIGHT ULTIMATE WEREWOLF  Retro 5_Game2_66",
    "ONE NIGHT ULTIMATE WEREWOLF  Retro 5_Game2_86",
    "ONE NIGHT ULTIMATE WEREWOLF  Retro 5_Game2_89",
    "ONE NIGHT ULTIMATE WEREWOLF  Retro 2_Game8_12",
    "ONE NIGHT ULTIMATE WEREWOLF  Retro 2_Game8_28",
    "ONE NIGHT ULTIMATE WEREWOLF  Retro 2_Game8_38",
    "ONE NIGHT ULTIMATE WEREWOLF  Retro 2_Game8_59",
    "ONE NIGHT ULTIMATE WEREWOLF  Retro 2_Game8_61",
    "ONE NIGHT ULTIMATE WEREWOLF 64  March 23rd 2019_Game4_18",
    "ONE NIGHT ULTIMATE WEREWOLF 64  March 23rd 2019_Game4_83",
    "ONE NIGHT ULTIMATE WEREWOLF 64  March 23rd 2019_Game4_86",
    "ONE NIGHT ULTIMATE WEREWOLF  Retro 1_Game3_19",
    "ONE NIGHT ULTIMATE WEREWOLF  Retro 1_Game3_33",
    "ONE NIGHT ULTIMATE WEREWOLF  Retro 1_Game3_56",
    "ONE NIGHT ULTIMATE WEREWOLF  Retro 1_Game3_74",
    "One Night Ultimate Werewolf 362 More Classic Werewolf_Game1_19",
    "One Night Ultimate Werewolf 362 More Classic Werewolf_Game1_27",
    "One Night Ultimate Werewolf 362 More Classic Werewolf_Game1_72",
    "One Night Ultimate Werewolf 362 More Classic Werewolf_Game1_80",
    "One Night Ultimate Werewolf 362 More Classic Werewolf_Game1_116",
    "One Night Ultimate Werewolf 362 More Classic Werewolf_Game1_117",
    "One Night Ultimate Werewolf 362 More Classic Werewolf_Game1_123",
    "One Night Ultimate Werewolf 362 More Classic Werewolf_Game1_124",
    "One Night Ultimate Werewolf 362 More Classic Werewolf_Game1_140",
    "One Night Ultimate Werewolf 362 More Classic Werewolf_Game1_146",
    "One Night Ultimate Werewolf 362 More Classic Werewolf_Game1_153",
    "One Night Ultimate Werewolf 362 More Classic Werewolf_Game1_156",
    "One Night Ultimate Werewolf 362 More Classic Werewolf_Game1_174",
    "One Night Ultimate Werewolf 362 More Classic Werewolf_Game1_182",
    "One Night Ultimate Werewolf 362 More Classic Werewolf_Game1_189",
    "ONE NIGHT ULTIMATE WEREWOLF 9  November 6th 2016_Game4_3",
    "ONE NIGHT ULTIMATE WEREWOLF 9  November 6th 2016_Game4_4",
    "ONE NIGHT ULTIMATE WEREWOLF 9  November 6th 2016_Game4_13",
    "ONE NIGHT ULTIMATE WEREWOLF 9  November 6th 2016_Game4_28",
    "ONE NIGHT ULTIMATE WEREWOLF 9  November 6th 2016_Game4_31",
    "ONE NIGHT ULTIMATE WEREWOLF 9  November 6th 2016_Game4_34",
    "ONE NIGHT ULTIMATE WEREWOLF 9  November 6th 2016_Game4_37",
    "ONE NIGHT ULTIMATE WEREWOLF 9  November 6th 2016_Game4_52",
    "ONE NIGHT ULTIMATE WEREWOLF 9  November 6th 2016_Game4_96",
    "ONE NIGHT ULTIMATE WEREWOLF 9  November 6th 2016_Game4_98",
    "ONE NIGHT ULTIMATE WEREWOLF 9  November 6th 2016_Game4_128",
    "ONE NIGHT ULTIMATE WEREWOLF 9  November 6th 2016_Game4_163",
    "One Night Ultimate Werewolf 363 Even More Classic Werewolf_Game1_8",
    "One Night Ultimate Werewolf 363 Even More Classic Werewolf_Game1_45",
    "One Night Ultimate Werewolf 363 Even More Classic Werewolf_Game1_85",
    "One Night Ultimate Werewolf 363 Even More Classic Werewolf_Game1_97",
    "One Night Ultimate Werewolf 363 Even More Classic Werewolf_Game1_111",
    "One Night Ultimate Werewolf 363 Even More Classic Werewolf_Game1_117",
    "One Night Ultimate Werewolf 363 Even More Classic Werewolf_Game1_130",
    "One Night Ultimate Werewolf 363 Even More Classic Werewolf_Game1_172",
    "One Night Ultimate Werewolf 363 Even More Classic Werewolf_Game1_180",
    "One Night Ultimate Werewolf 363 Even More Classic Werewolf_Game1_229",
    "One Night Ultimate Werewolf 363 Even More Classic Werewolf_Game1_270",
    "One Night Ultimate Werewolf 363 Even More Classic Werewolf_Game1_329",
    "One Night Ultimate Werewolf 363 Even More Classic Werewolf_Game1_330",
    "ONE NIGHT ULTIMATE WEREWOLF 34  March 24th 2018_Game2_17",
    "ONE NIGHT ULTIMATE WEREWOLF 34  March 24th 2018_Game2_20",
    "ONE NIGHT ULTIMATE WEREWOLF 34  March 24th 2018_Game2_27",
    "ONE NIGHT ULTIMATE WEREWOLF 34  March 24th 2018_Game2_30",
    "ONE NIGHT ULTIMATE WEREWOLF 34  March 24th 2018_Game2_32",
    "ONE NIGHT ULTIMATE WEREWOLF 34  March 24th 2018_Game2_38",
    "ONE NIGHT ULTIMATE WEREWOLF 34  March 24th 2018_Game2_41",
    "ONE NIGHT ULTIMATE WEREWOLF 34  March 24th 2018_Game2_44",
    "ONE NIGHT ULTIMATE WEREWOLF 34  March 24th 2018_Game2_62",
    "ONE NIGHT ULTIMATE WEREWOLF 34  March 24th 2018_Game2_65",
    "ONE NIGHT ULTIMATE WEREWOLF 34  March 24th 2018_Game2_69",
    "ONE NIGHT ULTIMATE WEREWOLF 34  March 24th 2018_Game2_74",
    "ONE NIGHT ULTIMATE WEREWOLF 34  March 24th 2018_Game2_77",
    "ONE NIGHT ULTIMATE WEREWOLF 34  March 24th 2018_Game2_84",
    "ONE NIGHT ULTIMATE WEREWOLF 34  March 24th 2018_Game2_95",
    "ONE NIGHT ULTIMATE WEREWOLF 34  March 24th 2018_Game2_97",
    "ONE NIGHT ULTIMATE WEREWOLF 34  March 24th 2018_Game2_118",
