{
  "loss": 0.18813744187355042,
  "f1": 0.5714285714285714,
  "precision": 0.6266666666666667,
  "recall": 0.5251396648044693,
  "accuracy": 0.9388020833333334,
  "report": "              precision    recall  f1-score   support\n\n           0       0.96      0.97      0.97      2125\n           1       0.63      0.53      0.57       179\n\n    accuracy                           0.94      2304\n   macro avg       0.79      0.75      0.77      2304\nweighted avg       0.93      0.94      0.94      2304\n",
  "preds": [
    1,
    1,
    1,
    1,
    1,
    0,
    0,
    0,
    1,
    0,
    0,
    1,
    0,
    0,
    0,
    0,
    0,
    0,
    1,
    0,
    1,
    1,
    0,
    1,
    0,
    1,
    1,
    0,
    1,
    1,
    1,
    0,
    1,
    0,
    0,
    0,
    1,
    1,
    0,
    1,
    0,
    1,
    0,
    1,
    0,
    0,
    0,
    1,
    0,
    0,
    0,
    0,
    0,
    1,
    1,
    0,
    0,
    0,
    0,
    0,
    0,
    1,
    1,
    1,
    0,
    1,
    0,
    1,
    1,
    1,
    0,
    0,
    0,
    0,
    1,
    0,
    1,
    1,
    0,
    0,
    0,
    0,
    0,
    1,
    0,
    0,
    0,
    0,
    1,
    0,
    0,
    0,
    1,
    1,
    0,
    1,
    0,
    0,
    1,
    1,
    1,
    0,
    0,
    0,
    0,
    1,
    0,
    0,
    0,
    0,
    0,
    0,
    0,
    1,
    0,
    0,
    0,
    1,
    0,
    0,
    1,
    0,
    0,
    1,
    0,
    0,
    1,
    0,
    0,
    0,
    1,
    1,
    1,
    0,
    0,
    1,
    0,
    1,
    0,
    1,
    1
  ],
  "ids": [
    "Way Way Back  ONE NIGHT ULTIMATE WEREWOLF  Retro 10_Game5_4",
    "Way Way Back  ONE NIGHT ULTIMATE WEREWOLF  Retro 10_Game5_8",
    "Way Way Back  ONE NIGHT ULTIMATE WEREWOLF  Retro 10_Game5_58",
    "Way Way Back  ONE NIGHT ULTIMATE WEREWOLF  Retro 10_Game5_67",
    "Way Way Back  ONE NIGHT ULTIMATE WEREWOLF  Retro 10_Game5_77",
    "Way Way Back  ONE NIGHT ULTIMATE WEREWOLF  Retro 10_Game5_110",
    "Way Way Back  ONE NIGHT ULTIMATE WEREWOLF  Retro 10_Game5_155",
    "Way Way Back  ONE NIGHT ULTIMATE WEREWOLF  Retro 10_Game5_175",
    "Retrovision  ONE NIGHT ULTIMATE WEREWOLF  Retro 7_Game5_33",
    "Retrovision  ONE NIGHT ULTIMATE WEREWOLF  Retro 7_Game5_69",
    "Retrovision  ONE NIGHT ULTIMATE WEREWOLF  Retro 7_Game5_89",
    "Retrovision  ONE NIGHT ULTIMATE WEREWOLF  Retro 7_Game5_172",
    "Retrovision  ONE NIGHT ULTIMATE WEREWOLF  Retro 7_Game5_179",
    "ONE NIGHT ULTIMATE WEREWOLF  Retro 1_Game6_12",
    "ONE NIGHT ULTIMATE WEREWOLF  Retro 1_Game6_20",
    "ONE NIGHT ULTIMATE WEREWOLF  Retro 1_Game6_59",
    "ONE NIGHT ULTIMATE WEREWOLF  Retro 1_Game6_62",
    "ONE NIGHT ULTIMATE WEREWOLF  Retro 1_Game6_66",
    "ONE NIGHT ULTIMATE WEREWOLF  Retro 1_Game6_89",
    "ONE NIGHT ULTIMATE WEREWOLF  Retro 5_Game2_28",
    "ONE NIGHT ULTIMATE WEREWOLF  Retro 5_Game2_35",
    "ONE NIGHT ULTIMATE WEREWOLF  Retro 5_Game2_46",
    "ONE NIGHT ULTIMATE WEREWOLF  Retro 5_Game2_66",
    "ONE NIGHT ULTIMATE WEREWOLF  Retro 5_Game2_75",
    "ONE NIGHT ULTIMATE WEREWOLF  Retro 5_Game2_86",
    "ONE NIGHT ULTIMATE WEREWOLF  Retro 5_Game2_89",
    "ONE NIGHT ULTIMATE WEREWOLF  Retro 2_Game8_9",
    "ONE NIGHT ULTIMATE WEREWOLF  Retro 2_Game8_12",
    "ONE NIGHT ULTIMATE WEREWOLF  Retro 2_Game8_28",
    "ONE NIGHT ULTIMATE WEREWOLF  Retro 2_Game8_38",
    "ONE NIGHT ULTIMATE WEREWOLF  Retro 2_Game8_39",
    "ONE NIGHT ULTIMATE WEREWOLF  Retro 2_Game8_61",
    "ONE NIGHT ULTIMATE WEREWOLF 64  March 23rd 2019_Game4_13",
    "ONE NIGHT ULTIMATE WEREWOLF 64  March 23rd 2019_Game4_18",
    "ONE NIGHT ULTIMATE WEREWOLF 64  March 23rd 2019_Game4_33",
    "ONE NIGHT ULTIMATE WEREWOLF 64  March 23rd 2019_Game4_83",
    "ONE NIGHT ULTIMATE WEREWOLF  Retro 1_Game3_19",
    "ONE NIGHT ULTIMATE WEREWOLF  Retro 1_Game3_33",
    "ONE NIGHT ULTIMATE WEREWOLF  Retro 1_Game3_40",
    "ONE NIGHT ULTIMATE WEREWOLF  Retro 1_Game3_56",
    "One Night Ultimate Werewolf 362 More Classic Werewolf_Game1_72",
    "One Night Ultimate Werewolf 362 More Classic Werewolf_Game1_73",
    "One Night Ultimate Werewolf 362 More Classic Werewolf_Game1_80",
    "One Night Ultimate Werewolf 362 More Classic Werewolf_Game1_117",
    "One Night Ultimate Werewolf 362 More Classic Werewolf_Game1_123",
    "One Night Ultimate Werewolf 362 More Classic Werewolf_Game1_124",
    "One Night Ultimate Werewolf 362 More Classic Werewolf_Game1_140",
    "One Night Ultimate Werewolf 362 More Classic Werewolf_Game1_146",
    "One Night Ultimate Werewolf 362 More Classic Werewolf_Game1_153",
    "One Night Ultimate Werewolf 362 More Classic Werewolf_Game1_156",
    "One Night Ultimate Werewolf 362 More Classic Werewolf_Game1_174",
    "One Night Ultimate Werewolf 362 More Classic Werewolf_Game1_182",
    "One Night Ultimate Werewolf 362 More Classic Werewolf_Game1_189",
    "One Night Ultimate Werewolf 362 More Classic Werewolf_Game1_191",
    "One Night Ultimate Werewolf 362 More Classic Werewolf_Game1_209",
    "ONE NIGHT ULTIMATE WEREWOLF 9  November 6th 2016_Game4_2",
    "ONE NIGHT ULTIMATE WEREWOLF 9  November 6th 2016_Game4_3",
    "ONE NIGHT ULTIMATE WEREWOLF 9  November 6th 2016_Game4_4",
    "ONE NIGHT ULTIMATE WEREWOLF 9  November 6th 2016_Game4_13",
    "ONE NIGHT ULTIMATE WEREWOLF 9  November 6th 2016_Game4_28",
    "ONE NIGHT ULTIMATE WEREWOLF 9  November 6th 2016_Game4_31",
    "ONE NIGHT ULTIMATE WEREWOLF 9  November 6th 2016_Game4_52",
    "ONE NIGHT ULTIMATE WEREWOLF 9  November 6th 2016_Game4_96",
    "ONE NIGHT ULTIMATE WEREWOLF 9  November 6th 2016_Game4_98",
    "ONE NIGHT ULTIMATE WEREWOLF 9  November 6th 2016_Game4_128",
    "ONE NIGHT ULTIMATE WEREWOLF 9  November 6th 2016_Game4_157",
    "ONE NIGHT ULTIMATE WEREWOLF 9  November 6th 2016_Game4_163",
    "One Night Ultimate Werewolf 363 Even More Classic Werewolf_Game1_8",
    "One Night Ultimate Werewolf 363 Even More Classic Werewolf_Game1_45",
    "One Night Ultimate Werewolf 363 Even More Classic Werewolf_Game1_85",
    "One Night Ultimate Werewolf 363 Even More Classic Werewolf_Game1_90",
    "One Night Ultimate Werewolf 363 Even More Classic Werewolf_Game1_97",
    "One Night Ultimate Werewolf 363 Even More Classic Werewolf_Game1_111",
    "One Night Ultimate Werewolf 363 Even More Classic Werewolf_Game1_117",
    "One Night Ultimate Werewolf 363 Even More Classic Werewolf_Game1_180",
    "One Night Ultimate Werewolf 363 Even More Classic Werewolf_Game1_229",
    "One Night Ultimate Werewolf 363 Even More Classic Werewolf_Game1_256",
    "One Night Ultimate Werewolf 363 Even More Classic Werewolf_Game1_329",
    "ONE NIGHT ULTIMATE WEREWOLF 34  March 24th 2018_Game2_17",
    "ONE NIGHT ULTIMATE WEREWOLF 34  March 24th 2018_Game2_20",
    "ONE NIGHT ULTIMATE WEREWOLF 34  March 24th 2018_Game2_27",
    "ONE NIGHT ULTIMATE WEREWOLF 34  March 24th 2018_Game2_30",
    "ONE NIGHT ULTIMATE WEREWOLF 34  March 24th 2018_Game2_32",
    "ONE NIGHT ULTIMATE WEREWOLF 34  March 24th 2018_Game2_38",
    "ONE NIGHT ULTIMATE WEREWOLF 34  March 24th 2018_Game2_41",
    "ONE NIGHT ULTIMATE WEREWOLF 34  March 24th 2018_Game2_42",
    "ONE NIGHT ULTIMATE WEREWOLF 34  March 24th 2018_Game2_44",
    "ONE NIGHT ULTIMATE WEREWOLF 34  March 24th 2018_Game2_46",
    "ONE NIGHT ULTIMATE WEREWOLF 34  March 24th 2018_Game2_62",
    "ONE NIGHT ULTIMATE WEREWOLF 34  March 24th 2018_Game2_65",
    "ONE NIGHT ULTIMATE WEREWOLF 34  March 24th 2018_Game2_74",
    "ONE NIGHT ULTIMATE WEREWOLF 34  March 24th 2018_Game2_77",
    "ONE NIGHT ULTIMATE WEREWOLF 34  March 24th 2018_Game2_95",
    "ONE NIGHT ULTIMATE WEREWOLF 34  March 24th 2018_Game2_97",
    "ONE NIGHT ULTIMATE WEREWOLF 34  March 24th 2018_Game2_118",
    "One Night Ultimate Werewolf 491 Classic Werewolf_Game1_25",
    "One Night Ultimate Werewolf 491 Classic Werewolf_Game1_39",
    "One Night Ultimate Werewolf 491 Classic Werewolf_Game1_41",
    "One Night Ultimate Werewolf 491 Classic Werewolf_Game1_55",
    "One Night Ultimate Werewolf 491 Classic Werewolf_Game1_104",
