{
  "loss": 0.5583034952481588,
  "f1": 0.6666666666666666,
  "precision": 0.676737160120846,
  "recall": 0.656891495601173,
  "accuracy": 0.9027777777777778,
  "report": "              precision    recall  f1-score   support\n\n           0       0.94      0.95      0.94      1963\n           1       0.68      0.66      0.67       341\n\n    accuracy                           0.90      2304\n   macro avg       0.81      0.80      0.80      2304\nweighted avg       0.90      0.90      0.90      2304\n"
}