{
  "loss": 0.15639731134433532,
  "f1": 0.8442211055276382,
  "precision": 0.9032258064516129,
  "recall": 0.7924528301886793,
  "accuracy": 0.9827008928571429,
  "report": "              precision    recall  f1-score   support\n\n           0       0.99      0.99      0.99      3372\n           1       0.90      0.79      0.84       212\n\n    accuracy                           0.98      3584\n   macro avg       0.95      0.89      0.92      3584\nweighted avg       0.98      0.98      0.98      3584\n"
}