{
  "loss": 0.13493382108648994,
  "f1": 0.8292682926829268,
  "precision": 0.864406779661017,
  "recall": 0.796875,
  "accuracy": 0.9827302631578947,
  "report": "              precision    recall  f1-score   support\n\n           0       0.99      0.99      0.99      2304\n           1       0.86      0.80      0.83       128\n\n    accuracy                           0.98      2432\n   macro avg       0.93      0.89      0.91      2432\nweighted avg       0.98      0.98      0.98      2432\n"
}