{
  "loss": 0.38002740261698187,
  "f1": 0.478134110787172,
  "precision": 0.6259541984732825,
  "recall": 0.3867924528301887,
  "accuracy": 0.9502777777777778,
  "report": "              precision    recall  f1-score   support\n\n           0       0.96      0.99      0.97      3388\n           1       0.63      0.39      0.48       212\n\n    accuracy                           0.95      3600\n   macro avg       0.79      0.69      0.73      3600\nweighted avg       0.94      0.95      0.94      3600\n",
  "preds": [
    0,
    0,
    0,
    1,
    1,
    0,
    1,
    1,
    1,
    0,
    0,
    0,
    0,
    0,
    0,
    0,
    1,
    0,
    0,
    1,
    0,
    1,
    1,
    0,
    0,
    0,
    1,
    1,
    0,
    0,
    1,
    0,
    0,
    0,
    0,
    1,
    0,
    0,
    0,
    1,
    1,
    0,
    0,
    0,
    0,
    0,
    0,
    1,
    1,
    0,
    0,
    0,
    1,
    0,
    0,
    1,
    0,
    1,
    1,
    0,
    0,
    0,
    0,
    0,
    0,
    0,
    0,
    0,
    0,
    0,
    0,
    1,
    1,
    0,
    0,
    0,
    0,
    0,
    0,
    0,
    1,
    1,
    0,
    0,
    0,
    1,
    0,
    0,
    1,
    1,
    1,
    1,
    0,
    0,
    0,
    0,
    0,
    0,
    0,
    1,
    0,
    0,
    0,
    1,
    1,
    0,
    0,
    0,
    0,
    0,
    0,
    1,
    0,
    0,
    0,
    1,
    0,
    0,
    0,
    0,
    0,
    0,
    0,
    0,
    0,
    0,
    0,
    0,
    0,
    1,
    0,
    0,
    1,
    0,
    0,
    0,
    0,
    0,
    0,
    0,
    1,
    1,
    0,
    0,
    0,
    1,
    0,
    0,
    0,
    0,
    0,
    0,
    0,
    0,
    0,
    0,
    0,
    1,
    0,
    0,
    0,
    0,
    0,
    1,
    0,
    1,
    0,
    1,
    0,
    0,
    1,
    1,
    0,
    0,
    0,
    0,
    1,
    1,
    1
  ],
  "ids": [
    "ONE NIGHT ULTIMATE WEREWOLF 45  October 13th 2018_Game6_19",
    "ONE NIGHT ULTIMATE WEREWOLF 45  October 13th 2018_Game6_34",
    "ONE NIGHT ULTIMATE WEREWOLF 45  October 13th 2018_Game6_51",
    "ONE NIGHT ULTIMATE WEREWOLF 43  October 13th 2018_Game3_12",
    "ONE NIGHT ULTIMATE WEREWOLF 43  October 13th 2018_Game3_26",
    "ONE NIGHT ULTIMATE WEREWOLF 43  October 13th 2018_Game3_105",
    "ONE NIGHT ULTIMATE WEREWOLF 43  October 13th 2018_Game3_106",
    "ONE NIGHT ULTIMATE WEREWOLF 43  October 13th 2018_Game3_111",
    "ONE NIGHT ULTIMATE WEREWOLF 43  October 13th 2018_Game3_120",
    "ONE NIGHT ULTIMATE WEREWOLF 18  September 30th 2017_Game1_39",
    "ONE NIGHT ULTIMATE WEREWOLF 18  September 30th 2017_Game1_42",
    "ONE NIGHT ULTIMATE WEREWOLF 18  September 30th 2017_Game1_52",
    "ONE NIGHT ULTIMATE WEREWOLF 18  September 30th 2017_Game1_53",
    "ONE NIGHT ULTIMATE WEREWOLF 18  September 30th 2017_Game1_59",
    "ONE NIGHT ULTIMATE WEREWOLF 18  September 30th 2017_Game1_63",
    "ONE NIGHT ULTIMATE WEREWOLF 18  September 30th 2017_Game1_74",
    "ONE NIGHT ULTIMATE WEREWOLF 18  September 30th 2017_Game1_75",
    "ONE NIGHT ULTIMATE WEREWOLF 89  November 30th 2019_Game3_65",
    "ONE NIGHT ULTIMATE WEREWOLF 89  November 30th 2019_Game3_70",
    "One Night Ultimate Werewolf GAME NIGHT!!_Game2_21",
    "One Night Ultimate Werewolf GAME NIGHT!!_Game2_22",
    "One Night Ultimate Werewolf GAME NIGHT!!_Game2_52",
    "One Night Ultimate Werewolf GAME NIGHT!!_Game2_53",
    "One Night Ultimate Werewolf GAME NIGHT!!_Game2_57",
    "One Night Ultimate Werewolf GAME NIGHT!!_Game2_61",
    "One Night Ultimate Werewolf GAME NIGHT!!_Game2_63",
    "One Night Ultimate Werewolf GAME NIGHT!!_Game2_67",
    "One Night Ultimate Werewolf GAME NIGHT!!_Game2_68",
    "Visions from 2016  ONE NIGHT ULTIMATE WEREWOLF  Retro 11_Game1_36",
    "Visions from 2016  ONE NIGHT ULTIMATE WEREWOLF  Retro 11_Game1_63",
    "Visions from 2016  ONE NIGHT ULTIMATE WEREWOLF  Retro 11_Game1_66",
    "Visions from 2016  ONE NIGHT ULTIMATE WEREWOLF  Retro 11_Game1_86",
    "Visions from 2016  ONE NIGHT ULTIMATE WEREWOLF  Retro 11_Game1_129",
    "Visions from 2016  ONE NIGHT ULTIMATE WEREWOLF  Retro 11_Game1_136",
    "Visions from 2016  ONE NIGHT ULTIMATE WEREWOLF  Retro 11_Game1_137",
    "Visions from 2016  ONE NIGHT ULTIMATE WEREWOLF  Retro 11_Game1_138",
    "ONE NIGHT ULTIMATE WEREWOLF 87  November 9th 2019_Game1_94",
    "ONE NIGHT ULTIMATE WEREWOLF  Retro 1_Game1_41",
    "ONE NIGHT ULTIMATE WEREWOLF  Retro 1_Game1_44",
    "Ye Olde Times  ONE NIGHT ULTIMATE WEREWOLF  Retro 8_Game4_35",
    "Ye Olde Times  ONE NIGHT ULTIMATE WEREWOLF  Retro 8_Game4_36",
    "Ye Olde Times  ONE NIGHT ULTIMATE WEREWOLF  Retro 8_Game4_46",
    "Ye Olde Times  ONE NIGHT ULTIMATE WEREWOLF  Retro 8_Game4_52",
    "Ye Olde Times  ONE NIGHT ULTIMATE WEREWOLF  Retro 8_Game4_59",
    "Ye Olde Times  ONE NIGHT ULTIMATE WEREWOLF  Retro 8_Game4_110",
    "Ye Olde Times  ONE NIGHT ULTIMATE WEREWOLF  Retro 8_Game4_115",
    "Ye Olde Times  ONE NIGHT ULTIMATE WEREWOLF  Retro 8_Game4_119",
    "Ye Olde Times  ONE NIGHT ULTIMATE WEREWOLF  Retro 8_Game4_153",
    "Ye Olde Times  ONE NIGHT ULTIMATE WEREWOLF  Retro 8_Game4_154",
    "ONE NIGHT ULTIMATE WEREWOLF  Retro 4_Game6_19",
    "ONE NIGHT ULTIMATE WEREWOLF  Retro 4_Game6_45",
    "ONE NIGHT ULTIMATE WEREWOLF  Retro 4_Game6_60",
    "Retrovision  ONE NIGHT ULTIMATE WEREWOLF  Retro 7_Game3_13",
    "Retrovision  ONE NIGHT ULTIMATE WEREWOLF  Retro 7_Game3_14",
    "Retrovision  ONE NIGHT ULTIMATE WEREWOLF  Retro 7_Game3_61",
    "Retrovision  ONE NIGHT ULTIMATE WEREWOLF  Retro 7_Game3_78",
    "ONE NIGHT ULTIMATE WEREWOLF  Retro 3_Game6_28",
    "ONE NIGHT ULTIMATE WEREWOLF  Retro 3_Game6_29",
    "ONE NIGHT ULTIMATE WEREWOLF  Retro 3_Game6_30",
    "ONE NIGHT ULTIMATE WEREWOLF  Retro 3_Game6_31",
    "ONE NIGHT ULTIMATE WEREWOLF  Retro 3_Game6_32",
    "ONE NIGHT ULTIMATE WEREWOLF  Retro 3_Game6_33",
    "ONE NIGHT ULTIMATE WEREWOLF  Retro 3_Game6_81",
    "ONE NIGHT ULTIMATE WEREWOLF  Retro 3_Game6_86",
    "ONE NIGHT ULTIMATE WEREWOLF  Retro 3_Game6_90",
    "ONE NIGHT ULTIMATE WEREWOLF  Retro 3_Game6_106",
    "ONE NIGHT ULTIMATE WEREWOLF  Retro 3_Game6_109",
    "ONE NIGHT ULTIMATE WEREWOLF  Retro 3_Game6_114",
    "One Night Ultimate Werewolf 493 Even More Classic Werewolf_Game1_6",
    "One Night Ultimate Werewolf 493 Even More Classic Werewolf_Game1_41",
    "One Night Ultimate Werewolf 493 Even More Classic Werewolf_Game1_51",
    "One Night Ultimate Werewolf 493 Even More Classic Werewolf_Game1_114",
    "One Night Ultimate Werewolf 493 Even More Classic Werewolf_Game1_115",
    "One Night Ultimate Werewolf 493 Even More Classic Werewolf_Game1_166",
    "One Night Ultimate Werewolf 493 Even More Classic Werewolf_Game1_170",
    "ONE NIGHT ULTIMATE WEREWOLF 28  February 17th 2018_Game2_13",
    "ONE NIGHT ULTIMATE WEREWOLF 28  February 17th 2018_Game2_27",
    "ONE NIGHT ULTIMATE WEREWOLF 28  February 17th 2018_Game2_46",
    "ONE NIGHT ULTIMATE WEREWOLF 28  February 17th 2018_Game2_48",
    "ONE NIGHT ULTIMATE WEREWOLF 28  February 17th 2018_Game2_118",
    "ONE NIGHT ULTIMATE WEREWOLF 28  February 17th 2018_Game2_124",
    "ONE NIGHT ULTIMATE WEREWOLF 28  February 17th 2018_Game2_162",
    "ONE NIGHT ULTIMATE WEREWOLF 28  February 17th 2018_Game2_168",
    "ONE NIGHT ULTIMATE WEREWOLF 7  November 6th 2016_Game1_15",
    "ONE NIGHT ULTIMATE WEREWOLF 7  November 6th 2016_Game1_24",
    "ONE NIGHT ULTIMATE WEREWOLF 7  November 6th 2016_Game1_30",
    "ONE NIGHT ULTIMATE WEREWOLF 7  November 6th 2016_Game1_38",
    "ONE NIGHT ULTIMATE WEREWOLF 7  November 6th 2016_Game1_41",
    "The Return of the King  ONE NIGHT ULTIMATE WEREWOLF_Game6_18",
    "The Return of the King  ONE NIGHT ULTIMATE WEREWOLF_Game6_19",
    "The Return of the King  ONE NIGHT ULTIMATE WEREWOLF_Game6_48",
    "The Return of the King  ONE NIGHT ULTIMATE WEREWOLF_Game6_98",
    "Retrovision  ONE NIGHT ULTIMATE WEREWOLF  Retro 7_Game2_16",
    "Retrovision  ONE NIGHT ULTIMATE WEREWOLF  Retro 7_Game2_80",
    "Retrovision  ONE NIGHT ULTIMATE WEREWOLF  Retro 7_Game2_85",
