{
  "loss": 0.2940187782310603,
  "f1": 0.6782273603082851,
  "precision": 0.6795366795366795,
  "recall": 0.676923076923077,
  "accuracy": 0.9313322368421053,
  "report": "              precision    recall  f1-score   support\n\n           0       0.96      0.96      0.96     13032\n           1       0.68      0.68      0.68      1560\n\n    accuracy                           0.93     14592\n   macro avg       0.82      0.82      0.82     14592\nweighted avg       0.93      0.93      0.93     14592\n",
  "Identity Declaration": {
    "f1": 0.8326848249027238,
    "precision": 0.8294573643410853,
    "recall": 0.8359375,
    "accuracy": 0.9823190789473685,
    "report": "              precision    recall  f1-score   support\n\n           0       0.99      0.99      0.99      2304\n           1       0.83      0.84      0.83       128\n\n    accuracy                           0.98      2432\n   macro avg       0.91      0.91      0.91      2432\nweighted avg       0.98      0.98      0.98      2432\n"
  },
  "Accusation": {
    "f1": 0.7064803049555273,
    "precision": 0.6556603773584906,
    "recall": 0.7658402203856749,
    "accuracy": 0.905016447368421,
    "report": "              precision    recall  f1-score   support\n\n           0       0.96      0.93      0.94      2069\n           1       0.66      0.77      0.71       363\n\n    accuracy                           0.91      2432\n   macro avg       0.81      0.85      0.82      2432\nweighted avg       0.91      0.91      0.91      2432\n"
  },
  "Interrogation": {
    "f1": 0.8629441624365483,
    "precision": 0.8292682926829268,
    "recall": 0.8994708994708994,
    "accuracy": 0.9555921052631579,
    "report": "              precision    recall  f1-score   support\n\n           0       0.98      0.97      0.97      2054\n           1       0.83      0.90      0.86       378\n\n    accuracy                           0.96      2432\n   macro avg       0.91      0.93      0.92      2432\nweighted avg       0.96      0.96      0.96      2432\n"
  },
  "Call for Action": {
    "f1": 0.6554621848739496,
    "precision": 0.6782608695652174,
    "recall": 0.6341463414634146,
    "accuracy": 0.9662828947368421,
    "report": "              precision    recall  f1-score   support\n\n           0       0.98      0.98      0.98      2309\n           1       0.68      0.63      0.66       123\n\n    accuracy                           0.97      2432\n   macro avg       0.83      0.81      0.82      2432\nweighted avg       0.97      0.97      0.97      2432\n"
  },
  "Defense": {
    "f1": 0.4480234260614934,
    "precision": 0.5117056856187291,
    "recall": 0.3984375,
    "accuracy": 0.844983552631579,
    "report": "              precision    recall  f1-score   support\n\n           0       0.89      0.93      0.91      2048\n           1       0.51      0.40      0.45       384\n\n    accuracy                           0.84      2432\n   macro avg       0.70      0.66      0.68      2432\nweighted avg       0.83      0.84      0.84      2432\n"
  },
  "Evidence": {
    "f1": 0.554016620498615,
    "precision": 0.5649717514124294,
    "recall": 0.5434782608695652,
    "accuracy": 0.9337993421052632,
    "report": "              precision    recall  f1-score   support\n\n           0       0.96      0.97      0.96      2248\n           1       0.56      0.54      0.55       184\n\n    accuracy                           0.93      2432\n   macro avg       0.76      0.75      0.76      2432\nweighted avg       0.93      0.93      0.93      2432\n"
  }
}