{
  "loss": 0.24366251687411908,
  "f1": 0.38688524590163936,
  "precision": 0.5130434782608696,
  "recall": 0.3105263157894737,
  "accuracy": 0.9241071428571429,
  "report": "              precision    recall  f1-score   support\n\n           0       0.94      0.98      0.96      2274\n           1       0.51      0.31      0.39       190\n\n    accuracy                           0.92      2464\n   macro avg       0.73      0.64      0.67      2464\nweighted avg       0.91      0.92      0.92      2464\n",
  "preds": [
    1,
    0,
    0,
    0,
    0,
    0,
    0,
    1,
    0,
    0,
    0,
    1,
    1,
    0,
    1,
    1,
    1,
    0,
    1,
    1,
    0,
    0,
    0,
    0,
    0,
    0,
    0,
    0,
    0,
    0,
    0,
    0,
    0,
    0,
    1,
    0,
    0,
    0,
    1,
    0,
    0,
    0,
    1,
    0,
    0,
    1,
    0,
    1,
    1,
    1,
    0,
    1,
    0,
    0,
    0,
    1,
    1,
    1,
    0,
    0,
    0,
    0,
    0,
    0,
    0,
    0,
    0,
    0,
    0,
    0,
    0,
    1,
    0,
    0,
    1,
    1,
    1,
    1,
    0,
    0,
    1,
    0,
    0,
    1,
    0,
    1,
    1,
    0,
    1,
    1,
    1,
    0,
    0,
    0,
    0,
    0,
    0,
    1,
    0,
    0,
    0,
    0,
    0,
    0,
    0,
    0,
    0,
    0,
    0,
    0,
    0,
    0,
    1,
    1,
    0,
    0,
    0,
    0,
    0,
    0,
    1,
    1,
    0,
    1,
    1,
    0,
    0,
    0,
    0,
    0,
    0,
    0,
    0,
    0,
    0,
    0,
    0,
    0,
    0,
    0,
    0,
    0,
    0,
    0,
    0,
    0,
    1,
    1,
    0,
    1,
    0,
    0,
    0,
    0,
    1,
    0,
    0,
    0,
    1,
    1,
    0,
    0,
    1,
    0,
    0,
    1,
    0,
    0,
    0,
    0,
    0,
    1,
    0,
    1,
    0,
    0,
    1,
    1,
    1,
    1,
    1,
    0,
    1,
    0,
    0,
    0,
    1
  ],
  "ids": [
    "Way Way Back  ONE NIGHT ULTIMATE WEREWOLF  Retro 10_Game5_42",
    "Way Way Back  ONE NIGHT ULTIMATE WEREWOLF  Retro 10_Game5_108",
    "Way Way Back  ONE NIGHT ULTIMATE WEREWOLF  Retro 10_Game5_110",
    "Way Way Back  ONE NIGHT ULTIMATE WEREWOLF  Retro 10_Game5_155",
    "Way Way Back  ONE NIGHT ULTIMATE WEREWOLF  Retro 10_Game5_157",
    "Way Way Back  ONE NIGHT ULTIMATE WEREWOLF  Retro 10_Game5_175",
    "Retrovision  ONE NIGHT ULTIMATE WEREWOLF  Retro 7_Game5_38",
    "Retrovision  ONE NIGHT ULTIMATE WEREWOLF  Retro 7_Game5_60",
    "Retrovision  ONE NIGHT ULTIMATE WEREWOLF  Retro 7_Game5_67",
    "Retrovision  ONE NIGHT ULTIMATE WEREWOLF  Retro 7_Game5_69",
    "Retrovision  ONE NIGHT ULTIMATE WEREWOLF  Retro 7_Game5_89",
    "Retrovision  ONE NIGHT ULTIMATE WEREWOLF  Retro 7_Game5_95",
    "Retrovision  ONE NIGHT ULTIMATE WEREWOLF  Retro 7_Game5_96",
    "Retrovision  ONE NIGHT ULTIMATE WEREWOLF  Retro 7_Game5_104",
    "Retrovision  ONE NIGHT ULTIMATE WEREWOLF  Retro 7_Game5_116",
    "Retrovision  ONE NIGHT ULTIMATE WEREWOLF  Retro 7_Game5_139",
    "Retrovision  ONE NIGHT ULTIMATE WEREWOLF  Retro 7_Game5_141",
    "Retrovision  ONE NIGHT ULTIMATE WEREWOLF  Retro 7_Game5_179",
    "Retrovision  ONE NIGHT ULTIMATE WEREWOLF  Retro 7_Game5_181",
    "Retrovision  ONE NIGHT ULTIMATE WEREWOLF  Retro 7_Game5_189",
    "ONE NIGHT ULTIMATE WEREWOLF  Retro 1_Game6_12",
    "ONE NIGHT ULTIMATE WEREWOLF  Retro 1_Game6_20",
    "ONE NIGHT ULTIMATE WEREWOLF  Retro 1_Game6_48",
    "ONE NIGHT ULTIMATE WEREWOLF  Retro 1_Game6_59",
    "ONE NIGHT ULTIMATE WEREWOLF  Retro 1_Game6_62",
    "ONE NIGHT ULTIMATE WEREWOLF  Retro 1_Game6_66",
    "ONE NIGHT ULTIMATE WEREWOLF  Retro 5_Game2_28",
    "ONE NIGHT ULTIMATE WEREWOLF  Retro 5_Game2_45",
    "ONE NIGHT ULTIMATE WEREWOLF  Retro 5_Game2_48",
    "ONE NIGHT ULTIMATE WEREWOLF  Retro 5_Game2_50",
    "ONE NIGHT ULTIMATE WEREWOLF  Retro 5_Game2_61",
    "ONE NIGHT ULTIMATE WEREWOLF  Retro 5_Game2_66",
    "ONE NIGHT ULTIMATE WEREWOLF  Retro 5_Game2_86",
    "ONE NIGHT ULTIMATE WEREWOLF  Retro 2_Game8_12",
    "ONE NIGHT ULTIMATE WEREWOLF  Retro 2_Game8_59",
    "ONE NIGHT ULTIMATE WEREWOLF  Retro 2_Game8_61",
    "ONE NIGHT ULTIMATE WEREWOLF  Retro 2_Game8_83",
    "ONE NIGHT ULTIMATE WEREWOLF  Retro 2_Game8_88",
    "ONE NIGHT ULTIMATE WEREWOLF 64  March 23rd 2019_Game4_19",
    "ONE NIGHT ULTIMATE WEREWOLF 64  March 23rd 2019_Game4_33",
    "ONE NIGHT ULTIMATE WEREWOLF 64  March 23rd 2019_Game4_77",
    "ONE NIGHT ULTIMATE WEREWOLF 64  March 23rd 2019_Game4_83",
    "ONE NIGHT ULTIMATE WEREWOLF  Retro 1_Game3_19",
    "ONE NIGHT ULTIMATE WEREWOLF  Retro 1_Game3_40",
    "One Night Ultimate Werewolf 362 More Classic Werewolf_Game1_72",
    "One Night Ultimate Werewolf 362 More Classic Werewolf_Game1_73",
    "One Night Ultimate Werewolf 362 More Classic Werewolf_Game1_80",
    "One Night Ultimate Werewolf 362 More Classic Werewolf_Game1_94",
    "One Night Ultimate Werewolf 362 More Classic Werewolf_Game1_95",
    "One Night Ultimate Werewolf 362 More Classic Werewolf_Game1_96",
    "One Night Ultimate Werewolf 362 More Classic Werewolf_Game1_102",
    "One Night Ultimate Werewolf 362 More Classic Werewolf_Game1_109",
    "One Night Ultimate Werewolf 362 More Classic Werewolf_Game1_123",
    "One Night Ultimate Werewolf 362 More Classic Werewolf_Game1_124",
    "One Night Ultimate Werewolf 362 More Classic Werewolf_Game1_140",
    "One Night Ultimate Werewolf 362 More Classic Werewolf_Game1_146",
    "One Night Ultimate Werewolf 362 More Classic Werewolf_Game1_147",
    "One Night Ultimate Werewolf 362 More Classic Werewolf_Game1_148",
    "One Night Ultimate Werewolf 362 More Classic Werewolf_Game1_153",
    "One Night Ultimate Werewolf 362 More Classic Werewolf_Game1_154",
    "One Night Ultimate Werewolf 362 More Classic Werewolf_Game1_156",
    "One Night Ultimate Werewolf 362 More Classic Werewolf_Game1_169",
    "One Night Ultimate Werewolf 362 More Classic Werewolf_Game1_174",
    "One Night Ultimate Werewolf 362 More Classic Werewolf_Game1_178",
    "One Night Ultimate Werewolf 362 More Classic Werewolf_Game1_182",
    "One Night Ultimate Werewolf 362 More Classic Werewolf_Game1_208",
    "ONE NIGHT ULTIMATE WEREWOLF 9  November 6th 2016_Game4_2",
    "ONE NIGHT ULTIMATE WEREWOLF 9  November 6th 2016_Game4_3",
    "ONE NIGHT ULTIMATE WEREWOLF 9  November 6th 2016_Game4_6",
    "ONE NIGHT ULTIMATE WEREWOLF 9  November 6th 2016_Game4_13",
    "ONE NIGHT ULTIMATE WEREWOLF 9  November 6th 2016_Game4_15",
    "ONE NIGHT ULTIMATE WEREWOLF 9  November 6th 2016_Game4_20",
    "ONE NIGHT ULTIMATE WEREWOLF 9  November 6th 2016_Game4_28",
    "ONE NIGHT ULTIMATE WEREWOLF 9  November 6th 2016_Game4_31",
    "ONE NIGHT ULTIMATE WEREWOLF 9  November 6th 2016_Game4_34",
    "ONE NIGHT ULTIMATE WEREWOLF 9  November 6th 2016_Game4_38",
    "ONE NIGHT ULTIMATE WEREWOLF 9  November 6th 2016_Game4_40",
    "ONE NIGHT ULTIMATE WEREWOLF 9  November 6th 2016_Game4_73",
    "ONE NIGHT ULTIMATE WEREWOLF 9  November 6th 2016_Game4_128",
    "ONE NIGHT ULTIMATE WEREWOLF 9  November 6th 2016_Game4_136",
    "ONE NIGHT ULTIMATE WEREWOLF 9  November 6th 2016_Game4_138",
    "ONE NIGHT ULTIMATE WEREWOLF 9  November 6th 2016_Game4_139",
    "ONE NIGHT ULTIMATE WEREWOLF 9  November 6th 2016_Game4_142",
    "ONE NIGHT ULTIMATE WEREWOLF 9  November 6th 2016_Game4_143",
    "ONE NIGHT ULTIMATE WEREWOLF 9  November 6th 2016_Game4_163",
    "One Night Ultimate Werewolf 363 Even More Classic Werewolf_Game1_44",
    "One Night Ultimate Werewolf 363 Even More Classic Werewolf_Game1_79",
    "One Night Ultimate Werewolf 363 Even More Classic Werewolf_Game1_81",
    "One Night Ultimate Werewolf 363 Even More Classic Werewolf_Game1_82",
    "One Night Ultimate Werewolf 363 Even More Classic Werewolf_Game1_83",
    "One Night Ultimate Werewolf 363 Even More Classic Werewolf_Game1_84",
    "One Night Ultimate Werewolf 363 Even More Classic Werewolf_Game1_90",
    "One Night Ultimate Werewolf 363 Even More Classic Werewolf_Game1_93",
    "One Night Ultimate Werewolf 363 Even More Classic Werewolf_Game1_97",
