{
  "loss": 0.32440482001555593,
  "f1": 0.4927536231884058,
  "precision": 0.49866666666666665,
  "recall": 0.4869791666666667,
  "accuracy": 0.8416940789473685,
  "report": "              precision    recall  f1-score   support\n\n           0       0.90      0.91      0.91      2048\n           1       0.50      0.49      0.49       384\n\n    accuracy                           0.84      2432\n   macro avg       0.70      0.70      0.70      2432\nweighted avg       0.84      0.84      0.84      2432\n"
}