{
  "loss": 0.7390511291367667,
  "f1": 0.18533886583679116,
  "precision": 0.32057416267942584,
  "recall": 0.1303501945525292,
  "accuracy": 0.8356584821428571,
  "report": "              precision    recall  f1-score   support\n\n           0       0.87      0.95      0.91      3070\n           1       0.32      0.13      0.19       514\n\n    accuracy                           0.84      3584\n   macro avg       0.59      0.54      0.55      3584\nweighted avg       0.79      0.84      0.80      3584\n"
}