{
  "loss": 0.6691204650061471,
  "f1": 0.23501762632197415,
  "precision": 0.29673590504451036,
  "recall": 0.19455252918287938,
  "accuracy": 0.818359375,
  "report": "              precision    recall  f1-score   support\n\n           0       0.87      0.92      0.90      3070\n           1       0.30      0.19      0.24       514\n\n    accuracy                           0.82      3584\n   macro avg       0.58      0.56      0.57      3584\nweighted avg       0.79      0.82      0.80      3584\n"
}