{
  "loss": 0.6729451947742038,
  "f1": 0.28422876949740034,
  "precision": 0.40594059405940597,
  "recall": 0.21866666666666668,
  "accuracy": 0.8207465277777778,
  "report": "              precision    recall  f1-score   support\n\n           0       0.86      0.94      0.90      1929\n           1       0.41      0.22      0.28       375\n\n    accuracy                           0.82      2304\n   macro avg       0.63      0.58      0.59      2304\nweighted avg       0.79      0.82      0.80      2304\n"
}