{
  "loss": 0.19105298886002434,
  "f1": 0.40358744394618834,
  "precision": 0.45454545454545453,
  "recall": 0.3629032258064516,
  "accuracy": 0.9460227272727273,
  "report": "              precision    recall  f1-score   support\n\n           0       0.97      0.98      0.97      2340\n           1       0.45      0.36      0.40       124\n\n    accuracy                           0.95      2464\n   macro avg       0.71      0.67      0.69      2464\nweighted avg       0.94      0.95      0.94      2464\n",
  "preds": [
    1,
    0,
    0,
    0,
    0,
    0,
    0,
    0,
    0,
    0,
    0,
    1,
    1,
    0,
    0,
    1,
    0,
    0,
    0,
    0,
    0,
    0,
    0,
    0,
    1,
    1,
    1,
    1,
    1,
    0,
    1,
    1,
    0,
    0,
    0,
    1,
    0,
    1,
    1,
    1,
    1,
    1,
    1,
    0,
    1,
    0,
    0,
    0,
    0,
    0,
    1,
    1,
    1,
    1,
    1,
    1,
    1,
    1,
    0,
    0,
    0,
    0,
    0,
    1,
    1,
    1,
    1,
    1,
    0,
    0,
    1,
    0,
    0,
    0,
    0,
    0,
    0,
    1,
    0,
    0,
    1,
    0,
    1,
    0,
    0,
    0,
    0,
    1,
    1,
    0,
    1,
    0,
    0,
    0,
    0,
    0,
    0,
    0,
    0,
    1,
    1,
    0,
    0,
    0,
    0,
    0,
    1,
    0,
    0,
    1,
    1,
    0,
    1,
    1,
    0,
    0,
    1,
    0,
    0,
    0,
    0,
    1,
    0,
    1,
    1,
    0,
    0,
    1,
    1,
    0,
    1,
    1,
    0
  ],
  "ids": [
    "Way Way Back  ONE NIGHT ULTIMATE WEREWOLF  Retro 10_Game5_39",
    "Way Way Back  ONE NIGHT ULTIMATE WEREWOLF  Retro 10_Game5_40",
    "Way Way Back  ONE NIGHT ULTIMATE WEREWOLF  Retro 10_Game5_54",
    "Way Way Back  ONE NIGHT ULTIMATE WEREWOLF  Retro 10_Game5_81",
    "Way Way Back  ONE NIGHT ULTIMATE WEREWOLF  Retro 10_Game5_95",
    "Way Way Back  ONE NIGHT ULTIMATE WEREWOLF  Retro 10_Game5_116",
    "Way Way Back  ONE NIGHT ULTIMATE WEREWOLF  Retro 10_Game5_145",
    "Way Way Back  ONE NIGHT ULTIMATE WEREWOLF  Retro 10_Game5_146",
    "Way Way Back  ONE NIGHT ULTIMATE WEREWOLF  Retro 10_Game5_147",
    "Way Way Back  ONE NIGHT ULTIMATE WEREWOLF  Retro 10_Game5_149",
    "Way Way Back  ONE NIGHT ULTIMATE WEREWOLF  Retro 10_Game5_150",
    "Way Way Back  ONE NIGHT ULTIMATE WEREWOLF  Retro 10_Game5_160",
    "Way Way Back  ONE NIGHT ULTIMATE WEREWOLF  Retro 10_Game5_161",
    "Way Way Back  ONE NIGHT ULTIMATE WEREWOLF  Retro 10_Game5_164",
    "Way Way Back  ONE NIGHT ULTIMATE WEREWOLF  Retro 10_Game5_165",
    "Way Way Back  ONE NIGHT ULTIMATE WEREWOLF  Retro 10_Game5_167",
    "Retrovision  ONE NIGHT ULTIMATE WEREWOLF  Retro 7_Game5_54",
    "Retrovision  ONE NIGHT ULTIMATE WEREWOLF  Retro 7_Game5_70",
    "Retrovision  ONE NIGHT ULTIMATE WEREWOLF  Retro 7_Game5_118",
    "Retrovision  ONE NIGHT ULTIMATE WEREWOLF  Retro 7_Game5_173",
    "Retrovision  ONE NIGHT ULTIMATE WEREWOLF  Retro 7_Game5_174",
    "Retrovision  ONE NIGHT ULTIMATE WEREWOLF  Retro 7_Game5_190",
    "ONE NIGHT ULTIMATE WEREWOLF  Retro 1_Game6_45",
    "ONE NIGHT ULTIMATE WEREWOLF  Retro 1_Game6_75",
    "ONE NIGHT ULTIMATE WEREWOLF  Retro 1_Game6_86",
    "ONE NIGHT ULTIMATE WEREWOLF  Retro 1_Game6_96",
    "ONE NIGHT ULTIMATE WEREWOLF  Retro 1_Game6_99",
    "ONE NIGHT ULTIMATE WEREWOLF  Retro 1_Game6_101",
    "ONE NIGHT ULTIMATE WEREWOLF  Retro 1_Game6_106",
    "ONE NIGHT ULTIMATE WEREWOLF  Retro 5_Game2_20",
    "ONE NIGHT ULTIMATE WEREWOLF  Retro 5_Game2_21",
    "ONE NIGHT ULTIMATE WEREWOLF  Retro 5_Game2_68",
    "ONE NIGHT ULTIMATE WEREWOLF  Retro 5_Game2_95",
    "ONE NIGHT ULTIMATE WEREWOLF  Retro 2_Game8_15",
    "ONE NIGHT ULTIMATE WEREWOLF  Retro 2_Game8_52",
    "ONE NIGHT ULTIMATE WEREWOLF  Retro 2_Game8_63",
    "ONE NIGHT ULTIMATE WEREWOLF  Retro 2_Game8_65",
    "ONE NIGHT ULTIMATE WEREWOLF  Retro 2_Game8_66",
    "ONE NIGHT ULTIMATE WEREWOLF  Retro 2_Game8_85",
    "ONE NIGHT ULTIMATE WEREWOLF  Retro 2_Game8_99",
    "ONE NIGHT ULTIMATE WEREWOLF  Retro 2_Game8_101",
    "ONE NIGHT ULTIMATE WEREWOLF  Retro 2_Game8_102",
    "ONE NIGHT ULTIMATE WEREWOLF  Retro 2_Game8_103",
    "ONE NIGHT ULTIMATE WEREWOLF 64  March 23rd 2019_Game4_38",
    "ONE NIGHT ULTIMATE WEREWOLF 64  March 23rd 2019_Game4_39",
    "ONE NIGHT ULTIMATE WEREWOLF 64  March 23rd 2019_Game4_57",
    "ONE NIGHT ULTIMATE WEREWOLF 64  March 23rd 2019_Game4_59",
    "ONE NIGHT ULTIMATE WEREWOLF 64  March 23rd 2019_Game4_63",
    "ONE NIGHT ULTIMATE WEREWOLF 64  March 23rd 2019_Game4_66",
    "ONE NIGHT ULTIMATE WEREWOLF 64  March 23rd 2019_Game4_88",
    "ONE NIGHT ULTIMATE WEREWOLF  Retro 1_Game3_76",
    "ONE NIGHT ULTIMATE WEREWOLF  Retro 1_Game3_77",
    "One Night Ultimate Werewolf 362 More Classic Werewolf_Game1_37",
    "One Night Ultimate Werewolf 362 More Classic Werewolf_Game1_38",
    "One Night Ultimate Werewolf 362 More Classic Werewolf_Game1_39",
    "One Night Ultimate Werewolf 362 More Classic Werewolf_Game1_40",
    "One Night Ultimate Werewolf 362 More Classic Werewolf_Game1_116",
    "One Night Ultimate Werewolf 362 More Classic Werewolf_Game1_117",
    "One Night Ultimate Werewolf 362 More Classic Werewolf_Game1_245",
    "One Night Ultimate Werewolf 362 More Classic Werewolf_Game1_260",
    "One Night Ultimate Werewolf 362 More Classic Werewolf_Game1_263",
    "ONE NIGHT ULTIMATE WEREWOLF 9  November 6th 2016_Game4_129",
    "ONE NIGHT ULTIMATE WEREWOLF 9  November 6th 2016_Game4_130",
    "ONE NIGHT ULTIMATE WEREWOLF 9  November 6th 2016_Game4_177",
    "ONE NIGHT ULTIMATE WEREWOLF 9  November 6th 2016_Game4_186",
    "ONE NIGHT ULTIMATE WEREWOLF 9  November 6th 2016_Game4_187",
    "One Night Ultimate Werewolf 363 Even More Classic Werewolf_Game1_214",
    "One Night Ultimate Werewolf 363 Even More Classic Werewolf_Game1_227",
    "One Night Ultimate Werewolf 363 Even More Classic Werewolf_Game1_242",
    "One Night Ultimate Werewolf 363 Even More Classic Werewolf_Game1_243",
    "One Night Ultimate Werewolf 363 Even More Classic Werewolf_Game1_245",
    "One Night Ultimate Werewolf 363 Even More Classic Werewolf_Game1_246",
    "One Night Ultimate Werewolf 363 Even More Classic Werewolf_Game1_247",
    "One Night Ultimate Werewolf 363 Even More Classic Werewolf_Game1_283",
    "One Night Ultimate Werewolf 363 Even More Classic Werewolf_Game1_285",
    "One Night Ultimate Werewolf 363 Even More Classic Werewolf_Game1_287",
    "One Night Ultimate Werewolf 363 Even More Classic Werewolf_Game1_288",
    "One Night Ultimate Werewolf 363 Even More Classic Werewolf_Game1_340",
    "ONE NIGHT ULTIMATE WEREWOLF 34  March 24th 2018_Game2_76",
    "ONE NIGHT ULTIMATE WEREWOLF 34  March 24th 2018_Game2_77",
    "ONE NIGHT ULTIMATE WEREWOLF 34  March 24th 2018_Game2_87",
    "ONE NIGHT ULTIMATE WEREWOLF 34  March 24th 2018_Game2_112",
    "ONE NIGHT ULTIMATE WEREWOLF 34  March 24th 2018_Game2_113",
    "ONE NIGHT ULTIMATE WEREWOLF 34  March 24th 2018_Game2_132",
    "ONE NIGHT ULTIMATE WEREWOLF 34  March 24th 2018_Game2_133",
    "ONE NIGHT ULTIMATE WEREWOLF 34  March 24th 2018_Game2_136",
    "One Night Ultimate Werewolf 491 Classic Werewolf_Game1_64",
    "One Night Ultimate Werewolf 491 Classic Werewolf_Game1_111",
    "One Night Ultimate Werewolf 491 Classic Werewolf_Game1_126",
    "One Night Ultimate Werewolf 491 Classic Werewolf_Game1_129",
    "ONE NIGHT ULTIMATE WEREWOLF 30  February 17th 2018_Game4_30",
    "ONE NIGHT ULTIMATE WEREWOLF 30  February 17th 2018_Game4_31",
    "ONE NIGHT ULTIMATE WEREWOLF 30  February 17th 2018_Game4_72",
    "ONE NIGHT ULTIMATE WEREWOLF 30  February 17th 2018_Game4_75",
    "ONE NIGHT ULTIMATE WEREWOLF 30  February 17th 2018_Game4_76",
    "ONE NIGHT ULTIMATE WEREWOLF 30  February 17th 2018_Game4_81",
    "ONE NIGHT ULTIMATE WEREWOLF 30  February 17th 2018_Game4_83",
    "ONE NIGHT ULTIMATE WEREWOLF 30  February 17th 2018_Game4_86",
    "ONE NIGHT ULTIMATE WEREWOLF 30  February 17th 2018_Game4_88",
    "ONE NIGHT ULTIMATE WEREWOLF 30  February 17th 2018_Game4_102",
