{
  "loss": 0.12816199181335314,
  "f1": 0.9036402569593148,
  "precision": 0.8940677966101694,
  "recall": 0.9134199134199135,
  "accuracy": 0.9623325892857143,
  "report": "              precision    recall  f1-score   support\n\n           0       0.98      0.97      0.98      2891\n           1       0.89      0.91      0.90       693\n\n    accuracy                           0.96      3584\n   macro avg       0.94      0.94      0.94      3584\nweighted avg       0.96      0.96      0.96      3584\n",
  "preds": [
    0,
    0,
    0,
    0,
    1,
    0,
    1,
    0,
    1,
    1,
    1,
    1,
    1,
    0,
    0,
    1,
    1,
    1,
    0,
    1,
    1,
    1,
    0,
    0,
    0,
    0,
    1,
    1,
    1,
    1,
    1,
    1,
    1,
    1,
    0,
    1,
    1,
    0,
    0,
    1,
    1,
    0,
    0,
    1,
    1,
    1,
    0,
    1,
    1,
    1,
    1,
    1,
    1,
    0,
    1,
    1,
    0,
    1,
    0,
    1,
    0,
    0,
    0,
    1,
    0,
    0,
    0,
    0,
    0,
    0,
    0,
    1,
    1,
    1,
    1,
    0,
    0,
    0,
    0,
    0,
    0,
    1,
    0,
    1,
    0,
    1,
    1,
    1,
    1,
    1,
    1,
    1,
    1,
    1,
    1,
    0,
    0,
    0,
    0,
    0,
    0,
    0,
    0,
    0,
    1,
    0,
    1,
    1,
    1,
    1,
    1,
    1,
    0,
    0,
    1,
    1,
    1,
    1,
    0,
    0,
    0,
    1,
    1,
    0,
    1,
    1,
    1,
    0,
    1,
    0,
    0,
    1,
    1,
    1,
    0
  ],
  "ids": [
    "ONE NIGHT ULTIMATE WEREWOLF 45  October 13th 2018_Game6_15",
    "ONE NIGHT ULTIMATE WEREWOLF 45  October 13th 2018_Game6_16",
    "ONE NIGHT ULTIMATE WEREWOLF 45  October 13th 2018_Game6_68",
    "ONE NIGHT ULTIMATE WEREWOLF 45  October 13th 2018_Game6_71",
    "ONE NIGHT ULTIMATE WEREWOLF 43  October 13th 2018_Game3_2",
    "ONE NIGHT ULTIMATE WEREWOLF 43  October 13th 2018_Game3_9",
    "ONE NIGHT ULTIMATE WEREWOLF 43  October 13th 2018_Game3_15",
    "ONE NIGHT ULTIMATE WEREWOLF 43  October 13th 2018_Game3_103",
    "ONE NIGHT ULTIMATE WEREWOLF 43  October 13th 2018_Game3_104",
    "ONE NIGHT ULTIMATE WEREWOLF 18  September 30th 2017_Game1_63",
    "ONE NIGHT ULTIMATE WEREWOLF 18  September 30th 2017_Game1_73",
    "ONE NIGHT ULTIMATE WEREWOLF 89  November 30th 2019_Game3_5",
    "ONE NIGHT ULTIMATE WEREWOLF 89  November 30th 2019_Game3_6",
    "ONE NIGHT ULTIMATE WEREWOLF 89  November 30th 2019_Game3_11",
    "ONE NIGHT ULTIMATE WEREWOLF 89  November 30th 2019_Game3_20",
    "ONE NIGHT ULTIMATE WEREWOLF 89  November 30th 2019_Game3_35",
    "ONE NIGHT ULTIMATE WEREWOLF 89  November 30th 2019_Game3_40",
    "ONE NIGHT ULTIMATE WEREWOLF 89  November 30th 2019_Game3_42",
    "ONE NIGHT ULTIMATE WEREWOLF 89  November 30th 2019_Game3_44",
    "ONE NIGHT ULTIMATE WEREWOLF 89  November 30th 2019_Game3_52",
    "ONE NIGHT ULTIMATE WEREWOLF 89  November 30th 2019_Game3_66",
    "One Night Ultimate Werewolf GAME NIGHT!!_Game2_13",
    "One Night Ultimate Werewolf GAME NIGHT!!_Game2_21",
    "One Night Ultimate Werewolf GAME NIGHT!!_Game2_35",
    "One Night Ultimate Werewolf GAME NIGHT!!_Game2_54",
    "One Night Ultimate Werewolf GAME NIGHT!!_Game2_62",
    "One Night Ultimate Werewolf GAME NIGHT!!_Game2_65",
    "Visions from 2016  ONE NIGHT ULTIMATE WEREWOLF  Retro 11_Game1_41",
    "Visions from 2016  ONE NIGHT ULTIMATE WEREWOLF  Retro 11_Game1_47",
    "Visions from 2016  ONE NIGHT ULTIMATE WEREWOLF  Retro 11_Game1_96",
    "Visions from 2016  ONE NIGHT ULTIMATE WEREWOLF  Retro 11_Game1_144",
    "ONE NIGHT ULTIMATE WEREWOLF 87  November 9th 2019_Game1_25",
    "ONE NIGHT ULTIMATE WEREWOLF 87  November 9th 2019_Game1_30",
    "ONE NIGHT ULTIMATE WEREWOLF 87  November 9th 2019_Game1_42",
    "ONE NIGHT ULTIMATE WEREWOLF 87  November 9th 2019_Game1_48",
    "ONE NIGHT ULTIMATE WEREWOLF 87  November 9th 2019_Game1_49",
    "ONE NIGHT ULTIMATE WEREWOLF 87  November 9th 2019_Game1_73",
    "ONE NIGHT ULTIMATE WEREWOLF 87  November 9th 2019_Game1_117",
    "ONE NIGHT ULTIMATE WEREWOLF  Retro 1_Game1_23",
    "Ye Olde Times  ONE NIGHT ULTIMATE WEREWOLF  Retro 8_Game4_1",
    "Ye Olde Times  ONE NIGHT ULTIMATE WEREWOLF  Retro 8_Game4_13",
    "Ye Olde Times  ONE NIGHT ULTIMATE WEREWOLF  Retro 8_Game4_88",
    "Ye Olde Times  ONE NIGHT ULTIMATE WEREWOLF  Retro 8_Game4_111",
    "ONE NIGHT ULTIMATE WEREWOLF  Retro 4_Game6_5",
    "ONE NIGHT ULTIMATE WEREWOLF  Retro 4_Game6_15",
    "ONE NIGHT ULTIMATE WEREWOLF  Retro 4_Game6_34",
    "ONE NIGHT ULTIMATE WEREWOLF  Retro 4_Game6_40",
    "Retrovision  ONE NIGHT ULTIMATE WEREWOLF  Retro 7_Game3_51",
    "Retrovision  ONE NIGHT ULTIMATE WEREWOLF  Retro 7_Game3_52",
    "Retrovision  ONE NIGHT ULTIMATE WEREWOLF  Retro 7_Game3_62",
    "Retrovision  ONE NIGHT ULTIMATE WEREWOLF  Retro 7_Game3_77",
    "Retrovision  ONE NIGHT ULTIMATE WEREWOLF  Retro 7_Game3_80",
    "Retrovision  ONE NIGHT ULTIMATE WEREWOLF  Retro 7_Game3_82",
    "ONE NIGHT ULTIMATE WEREWOLF  Retro 3_Game6_29",
    "ONE NIGHT ULTIMATE WEREWOLF  Retro 3_Game6_105",
    "One Night Ultimate Werewolf 493 Even More Classic Werewolf_Game1_6",
    "One Night Ultimate Werewolf 493 Even More Classic Werewolf_Game1_15",
    "One Night Ultimate Werewolf 493 Even More Classic Werewolf_Game1_32",
    "One Night Ultimate Werewolf 493 Even More Classic Werewolf_Game1_111",
    "One Night Ultimate Werewolf 493 Even More Classic Werewolf_Game1_113",
    "One Night Ultimate Werewolf 493 Even More Classic Werewolf_Game1_153",
    "One Night Ultimate Werewolf 493 Even More Classic Werewolf_Game1_155",
    "One Night Ultimate Werewolf 493 Even More Classic Werewolf_Game1_156",
    "ONE NIGHT ULTIMATE WEREWOLF 28  February 17th 2018_Game2_4",
    "ONE NIGHT ULTIMATE WEREWOLF 28  February 17th 2018_Game2_19",
    "ONE NIGHT ULTIMATE WEREWOLF 28  February 17th 2018_Game2_21",
    "ONE NIGHT ULTIMATE WEREWOLF 28  February 17th 2018_Game2_23",
    "ONE NIGHT ULTIMATE WEREWOLF 28  February 17th 2018_Game2_32",
    "ONE NIGHT ULTIMATE WEREWOLF 28  February 17th 2018_Game2_33",
    "ONE NIGHT ULTIMATE WEREWOLF 28  February 17th 2018_Game2_62",
    "ONE NIGHT ULTIMATE WEREWOLF 28  February 17th 2018_Game2_63",
    "ONE NIGHT ULTIMATE WEREWOLF 7  November 6th 2016_Game1_3",
    "ONE NIGHT ULTIMATE WEREWOLF 7  November 6th 2016_Game1_24",
    "ONE NIGHT ULTIMATE WEREWOLF 7  November 6th 2016_Game1_46",
    "The Return of the King  ONE NIGHT ULTIMATE WEREWOLF_Game6_14",
    "The Return of the King  ONE NIGHT ULTIMATE WEREWOLF_Game6_84",
    "The Return of the King  ONE NIGHT ULTIMATE WEREWOLF_Game6_88",
    "The Return of the King  ONE NIGHT ULTIMATE WEREWOLF_Game6_101",
    "The Return of the King  ONE NIGHT ULTIMATE WEREWOLF_Game6_103",
    "Retrovision  ONE NIGHT ULTIMATE WEREWOLF  Retro 7_Game2_38",
    "Retrovision  ONE NIGHT ULTIMATE WEREWOLF  Retro 7_Game2_50",
    "Retrovision  ONE NIGHT ULTIMATE WEREWOLF  Retro 7_Game2_92",
    "Retrovision  ONE NIGHT ULTIMATE WEREWOLF  Retro 7_Game2_100",
    "ONE NIGHT ULTIMATE WEREWOLF 44  October 13th 2018_Game3_7",
    "ONE NIGHT ULTIMATE WEREWOLF 44  October 13th 2018_Game3_83",
    "ONE NIGHT ULTIMATE WEREWOLF 44  October 13th 2018_Game3_97",
    "ONE NIGHT ULTIMATE WEREWOLF - Drinking Play Through_Game2_2",
    "ONE NIGHT ULTIMATE WEREWOLF - Drinking Play Through_Game2_90",
    "ONE NIGHT ULTIMATE WEREWOLF - Drinking Play Through_Game2_114",
    "ONE NIGHT ULTIMATE WEREWOLF 1  July 5th 2016_Game2_6",
    "ONE NIGHT ULTIMATE WEREWOLF 1  July 5th 2016_Game2_51",
    "ONE NIGHT ULTIMATE WEREWOLF 1  July 5th 2016_Game2_52",
    "ONE NIGHT ULTIMATE WEREWOLF 1  July 5th 2016_Game2_66",
    "ONE NIGHT ULTIMATE WEREWOLF 1  July 5th 2016_Game2_72",
    "ONE NIGHT ULTIMATE WEREWOLF 1  July 5th 2016_Game2_125",
    "ONE NIGHT ULTIMATE WEREWOLF  Retro 3_Game7_19",
    "ONE NIGHT ULTIMATE WEREWOLF 44  October 13th 2018_Game2_26",
    "ONE NIGHT ULTIMATE WEREWOLF 44  October 13th 2018_Game2_45",
    "ONE NIGHT ULTIMATE WEREWOLF 44  October 13th 2018_Game2_49",
