{
  "loss": 0.4410354899508612,
  "f1": 0.5852187028657617,
  "precision": 0.60625,
  "recall": 0.565597667638484,
  "accuracy": 0.9232700892857143,
  "report": "              precision    recall  f1-score   support\n\n           0       0.95      0.96      0.96      3241\n           1       0.61      0.57      0.59       343\n\n    accuracy                           0.92      3584\n   macro avg       0.78      0.76      0.77      3584\nweighted avg       0.92      0.92      0.92      3584\n"
}