{
  "loss": 0.35297349260913,
  "f1": 0.573208722741433,
  "precision": 0.647887323943662,
  "recall": 0.5139664804469274,
  "accuracy": 0.9405381944444444,
  "report": "              precision    recall  f1-score   support\n\n           0       0.96      0.98      0.97      2125\n           1       0.65      0.51      0.57       179\n\n    accuracy                           0.94      2304\n   macro avg       0.80      0.75      0.77      2304\nweighted avg       0.94      0.94      0.94      2304\n"
}