{
  "loss": 0.5669520044965404,
  "f1": 0.5632377740303541,
  "precision": 0.668,
  "recall": 0.4868804664723032,
  "accuracy": 0.927734375,
  "report": "              precision    recall  f1-score   support\n\n           0       0.95      0.97      0.96      3241\n           1       0.67      0.49      0.56       343\n\n    accuracy                           0.93      3584\n   macro avg       0.81      0.73      0.76      3584\nweighted avg       0.92      0.93      0.92      3584\n"
}