{
  "loss": 0.10668530457616343,
  "f1": 0.8421052631578947,
  "precision": 0.8739495798319328,
  "recall": 0.8125,
  "accuracy": 0.9839638157894737,
  "report": "              precision    recall  f1-score   support\n\n           0       0.99      0.99      0.99      2304\n           1       0.87      0.81      0.84       128\n\n    accuracy                           0.98      2432\n   macro avg       0.93      0.90      0.92      2432\nweighted avg       0.98      0.98      0.98      2432\n"
}