{
  "loss": 0.3227868803909847,
  "f1": 0.5135387488328664,
  "precision": 0.49371633752244165,
  "recall": 0.5350194552529183,
  "accuracy": 0.8546316964285714,
  "report": "              precision    recall  f1-score   support\n\n           0       0.92      0.91      0.91      3070\n           1       0.49      0.54      0.51       514\n\n    accuracy                           0.85      3584\n   macro avg       0.71      0.72      0.71      3584\nweighted avg       0.86      0.85      0.86      3584\n"
}