{
  "loss": 0.30515452722708386,
  "f1": 0.49702380952380953,
  "precision": 0.5622895622895623,
  "recall": 0.44533333333333336,
  "accuracy": 0.8532986111111112,
  "report": "              precision    recall  f1-score   support\n\n           0       0.90      0.93      0.91      1929\n           1       0.56      0.45      0.50       375\n\n    accuracy                           0.85      2304\n   macro avg       0.73      0.69      0.71      2304\nweighted avg       0.84      0.85      0.85      2304\n"
}