{
  "loss": 0.5631172641047409,
  "f1": 0.4661508704061896,
  "precision": 0.4634615384615385,
  "recall": 0.4688715953307393,
  "accuracy": 0.8459821428571429,
  "report": "              precision    recall  f1-score   support\n\n           0       0.91      0.91      0.91      3070\n           1       0.46      0.47      0.47       514\n\n    accuracy                           0.85      3584\n   macro avg       0.69      0.69      0.69      3584\nweighted avg       0.85      0.85      0.85      3584\n"
}