{
  "loss": 0.5384304797963092,
  "f1": 0.48068669527896996,
  "precision": 0.5333333333333333,
  "recall": 0.4375,
  "accuracy": 0.8507401315789473,
  "report": "              precision    recall  f1-score   support\n\n           0       0.90      0.93      0.91      2048\n           1       0.53      0.44      0.48       384\n\n    accuracy                           0.85      2432\n   macro avg       0.72      0.68      0.70      2432\nweighted avg       0.84      0.85      0.84      2432\n"
}