{
  "loss": 0.11524996409813563,
  "f1": 0.876117496807152,
  "precision": 0.8265060240963855,
  "recall": 0.9320652173913043,
  "accuracy": 0.9578993055555556,
  "report": "              precision    recall  f1-score   support\n\n           0       0.99      0.96      0.97      1936\n           1       0.83      0.93      0.88       368\n\n    accuracy                           0.96      2304\n   macro avg       0.91      0.95      0.93      2304\nweighted avg       0.96      0.96      0.96      2304\n"
}