{
  "loss": 0.4782516360282898,
  "f1": 0.3325892857142857,
  "precision": 0.4269340974212034,
  "recall": 0.27239488117001825,
  "accuracy": 0.8331473214285714,
  "report": "              precision    recall  f1-score   support\n\n           0       0.88      0.93      0.90      3037\n           1       0.43      0.27      0.33       547\n\n    accuracy                           0.83      3584\n   macro avg       0.65      0.60      0.62      3584\nweighted avg       0.81      0.83      0.82      3584\n"
}