{
  "loss": 0.25988601839968134,
  "f1": 0.4198895027624309,
  "precision": 0.5066666666666667,
  "recall": 0.3584905660377358,
  "accuracy": 0.94140625,
  "report": "              precision    recall  f1-score   support\n\n           0       0.96      0.98      0.97      3372\n           1       0.51      0.36      0.42       212\n\n    accuracy                           0.94      3584\n   macro avg       0.73      0.67      0.69      3584\nweighted avg       0.93      0.94      0.94      3584\n"
}