{
  "loss": 0.5890785093264324,
  "f1": 0.699733688415446,
  "precision": 0.734965034965035,
  "recall": 0.667725540025413,
  "accuracy": 0.9387228260869566,
  "report": "              precision    recall  f1-score   support\n\n           0       0.96      0.97      0.97     13146\n           1       0.73      0.67      0.70      1574\n\n    accuracy                           0.94     14720\n   macro avg       0.85      0.82      0.83     14720\nweighted avg       0.94      0.94      0.94     14720\n",
  "Identity Declaration": {
    "f1": 0.8604651162790697,
    "precision": 0.8604651162790697,
    "recall": 0.8604651162790697,
    "accuracy": 0.9853300733496333,
    "report": "              precision    recall  f1-score   support\n\n           0       0.99      0.99      0.99      2325\n           1       0.86      0.86      0.86       129\n\n    accuracy                           0.99      2454\n   macro avg       0.93      0.93      0.93      2454\nweighted avg       0.99      0.99      0.99      2454\n"
  },
  "Accusation": {
    "f1": 0.6906077348066298,
    "precision": 0.6944444444444444,
    "recall": 0.6868131868131868,
    "accuracy": 0.908720456397718,
    "report": "              precision    recall  f1-score   support\n\n           0       0.95      0.95      0.95      2090\n           1       0.69      0.69      0.69       364\n\n    accuracy                           0.91      2454\n   macro avg       0.82      0.82      0.82      2454\nweighted avg       0.91      0.91      0.91      2454\n"
  },
  "Interrogation": {
    "f1": 0.8880503144654088,
    "precision": 0.8588807785888077,
    "recall": 0.9192708333333334,
    "accuracy": 0.9637178964533225,
    "report": "              precision    recall  f1-score   support\n\n           0       0.98      0.97      0.98      2069\n           1       0.86      0.92      0.89       384\n\n    accuracy                           0.96      2453\n   macro avg       0.92      0.95      0.93      2453\nweighted avg       0.97      0.96      0.96      2453\n"
  },
  "Call for Action": {
    "f1": 0.6481481481481481,
    "precision": 0.7526881720430108,
    "recall": 0.5691056910569106,
    "accuracy": 0.9690175295556461,
    "report": "              precision    recall  f1-score   support\n\n           0       0.98      0.99      0.98      2330\n           1       0.75      0.57      0.65       123\n\n    accuracy                           0.97      2453\n   macro avg       0.87      0.78      0.82      2453\nweighted avg       0.97      0.97      0.97      2453\n"
  },
  "Defense": {
    "f1": 0.5111441307578009,
    "precision": 0.5972222222222222,
    "recall": 0.44675324675324674,
    "accuracy": 0.8658785161027314,
    "report": "              precision    recall  f1-score   support\n\n           0       0.90      0.94      0.92      2068\n           1       0.60      0.45      0.51       385\n\n    accuracy                           0.87      2453\n   macro avg       0.75      0.70      0.72      2453\nweighted avg       0.85      0.87      0.86      2453\n"
  },
  "Evidence": {
    "f1": 0.5621301775147929,
    "precision": 0.6375838926174496,
    "recall": 0.5026455026455027,
    "accuracy": 0.9396657154504688,
    "report": "              precision    recall  f1-score   support\n\n           0       0.96      0.98      0.97      2264\n           1       0.64      0.50      0.56       189\n\n    accuracy                           0.94      2453\n   macro avg       0.80      0.74      0.76      2453\nweighted avg       0.93      0.94      0.94      2453\n"
  }
}