{
  "loss": 0.2700989730656147,
  "f1": 0.416,
  "precision": 0.4622222222222222,
  "recall": 0.3781818181818182,
  "accuracy": 0.9185267857142857,
  "report": "              precision    recall  f1-score   support\n\n           0       0.95      0.96      0.96      3309\n           1       0.46      0.38      0.42       275\n\n    accuracy                           0.92      3584\n   macro avg       0.71      0.67      0.69      3584\nweighted avg       0.91      0.92      0.91      3584\n"
}