{
  "loss": 0.9273429257529122,
  "f1": 0.4097287184284378,
  "precision": 0.3945945945945946,
  "recall": 0.4260700389105058,
  "accuracy": 0.8239397321428571,
  "report": "              precision    recall  f1-score   support\n\n           0       0.90      0.89      0.90      3070\n           1       0.39      0.43      0.41       514\n\n    accuracy                           0.82      3584\n   macro avg       0.65      0.66      0.65      3584\nweighted avg       0.83      0.82      0.83      3584\n"
}