{
  "loss": 0.19023734224694117,
  "f1": 0.5882352941176471,
  "precision": 0.723404255319149,
  "recall": 0.4956268221574344,
  "accuracy": 0.93359375,
  "report": "              precision    recall  f1-score   support\n\n           0       0.95      0.98      0.96      3241\n           1       0.72      0.50      0.59       343\n\n    accuracy                           0.93      3584\n   macro avg       0.84      0.74      0.78      3584\nweighted avg       0.93      0.93      0.93      3584\n"
}