{
  "loss": 0.0728995283651683,
  "f1": 0.8625954198473282,
  "precision": 0.8188405797101449,
  "recall": 0.9112903225806451,
  "accuracy": 0.984375,
  "report": "              precision    recall  f1-score   support\n\n           0       0.99      0.99      0.99      2180\n           1       0.82      0.91      0.86       124\n\n    accuracy                           0.98      2304\n   macro avg       0.91      0.95      0.93      2304\nweighted avg       0.99      0.98      0.98      2304\n"
}