{
  "loss": 0.1249357910294618,
  "f1": 0.7945205479452054,
  "precision": 0.7699115044247787,
  "recall": 0.8207547169811321,
  "accuracy": 0.9748883928571429,
  "report": "              precision    recall  f1-score   support\n\n           0       0.99      0.98      0.99      3372\n           1       0.77      0.82      0.79       212\n\n    accuracy                           0.97      3584\n   macro avg       0.88      0.90      0.89      3584\nweighted avg       0.98      0.97      0.98      3584\n"
}