{
  "loss": 0.17412880500941946,
  "f1": 0.676747311827957,
  "precision": 0.7111581920903954,
  "recall": 0.6455128205128206,
  "accuracy": 0.9340734649122807,
  "report": "              precision    recall  f1-score   support\n\n           0       0.96      0.97      0.96     13032\n           1       0.71      0.65      0.68      1560\n\n    accuracy                           0.93     14592\n   macro avg       0.83      0.81      0.82     14592\nweighted avg       0.93      0.93      0.93     14592\n",
  "Identity Declaration": {
    "f1": 0.84,
    "precision": 0.860655737704918,
    "recall": 0.8203125,
    "accuracy": 0.9835526315789473,
    "report": "              precision    recall  f1-score   support\n\n           0       0.99      0.99      0.99      2304\n           1       0.86      0.82      0.84       128\n\n    accuracy                           0.98      2432\n   macro avg       0.93      0.91      0.92      2432\nweighted avg       0.98      0.98      0.98      2432\n"
  },
  "Accusation": {
    "f1": 0.6982097186700768,
    "precision": 0.6515513126491647,
    "recall": 0.7520661157024794,
    "accuracy": 0.9029605263157895,
    "report": "              precision    recall  f1-score   support\n\n           0       0.96      0.93      0.94      2069\n           1       0.65      0.75      0.70       363\n\n    accuracy                           0.90      2432\n   macro avg       0.80      0.84      0.82      2432\nweighted avg       0.91      0.90      0.91      2432\n"
  },
  "Interrogation": {
    "f1": 0.8669108669108669,
    "precision": 0.8049886621315193,
    "recall": 0.9391534391534392,
    "accuracy": 0.9551809210526315,
    "report": "              precision    recall  f1-score   support\n\n           0       0.99      0.96      0.97      2054\n           1       0.80      0.94      0.87       378\n\n    accuracy                           0.96      2432\n   macro avg       0.90      0.95      0.92      2432\nweighted avg       0.96      0.96      0.96      2432\n"
  },
  "Call for Action": {
    "f1": 0.6923076923076923,
    "precision": 0.656934306569343,
    "recall": 0.7317073170731707,
    "accuracy": 0.9671052631578947,
    "report": "              precision    recall  f1-score   support\n\n           0       0.99      0.98      0.98      2309\n           1       0.66      0.73      0.69       123\n\n    accuracy                           0.97      2432\n   macro avg       0.82      0.86      0.84      2432\nweighted avg       0.97      0.97      0.97      2432\n"
  },
  "Defense": {
    "f1": 0.3490909090909091,
    "precision": 0.5783132530120482,
    "recall": 0.25,
    "accuracy": 0.852796052631579,
    "report": "              precision    recall  f1-score   support\n\n           0       0.87      0.97      0.92      2048\n           1       0.58      0.25      0.35       384\n\n    accuracy                           0.85      2432\n   macro avg       0.73      0.61      0.63      2432\nweighted avg       0.83      0.85      0.83      2432\n"
  },
  "Evidence": {
    "f1": 0.5587301587301587,
    "precision": 0.6717557251908397,
    "recall": 0.4782608695652174,
    "accuracy": 0.9428453947368421,
    "report": "              precision    recall  f1-score   support\n\n           0       0.96      0.98      0.97      2248\n           1       0.67      0.48      0.56       184\n\n    accuracy                           0.94      2432\n   macro avg       0.82      0.73      0.76      2432\nweighted avg       0.94      0.94      0.94      2432\n"
  }
}