{
  "loss": 0.24086235836148262,
  "f1": 0.6408125577100646,
  "precision": 0.6473880597014925,
  "recall": 0.6343692870201096,
  "accuracy": 0.8914620535714286,
  "report": "              precision    recall  f1-score   support\n\n           0       0.93      0.94      0.94      3037\n           1       0.65      0.63      0.64       547\n\n    accuracy                           0.89      3584\n   macro avg       0.79      0.79      0.79      3584\nweighted avg       0.89      0.89      0.89      3584\n"
}