{
  "loss": 0.0680506271975381,
  "f1": 0.8175182481751825,
  "precision": 0.8442211055276382,
  "recall": 0.7924528301886793,
  "accuracy": 0.9790736607142857,
  "report": "              precision    recall  f1-score   support\n\n           0       0.99      0.99      0.99      3372\n           1       0.84      0.79      0.82       212\n\n    accuracy                           0.98      3584\n   macro avg       0.92      0.89      0.90      3584\nweighted avg       0.98      0.98      0.98      3584\n"
}