{
  "loss": 0.05022411426115367,
  "f1": 0.859504132231405,
  "precision": 0.8813559322033898,
  "recall": 0.8387096774193549,
  "accuracy": 0.9852430555555556,
  "report": "              precision    recall  f1-score   support\n\n           0       0.99      0.99      0.99      2180\n           1       0.88      0.84      0.86       124\n\n    accuracy                           0.99      2304\n   macro avg       0.94      0.92      0.93      2304\nweighted avg       0.98      0.99      0.99      2304\n"
}