{
  "loss": 0.2599432916779603,
  "f1": 0.7781954887218046,
  "precision": 0.8054474708171206,
  "recall": 0.7527272727272727,
  "accuracy": 0.9670758928571429,
  "report": "              precision    recall  f1-score   support\n\n           0       0.98      0.98      0.98      3309\n           1       0.81      0.75      0.78       275\n\n    accuracy                           0.97      3584\n   macro avg       0.89      0.87      0.88      3584\nweighted avg       0.97      0.97      0.97      3584\n"
}