{
  "loss": 0.713997933599684,
  "f1": 0.4489795918367347,
  "precision": 0.5315985130111525,
  "recall": 0.38858695652173914,
  "accuracy": 0.84765625,
  "report": "              precision    recall  f1-score   support\n\n           0       0.89      0.93      0.91      1936\n           1       0.53      0.39      0.45       368\n\n    accuracy                           0.85      2304\n   macro avg       0.71      0.66      0.68      2304\nweighted avg       0.83      0.85      0.84      2304\n"
}