{
  "loss": 0.40685469574398464,
  "f1": 0.30094043887147337,
  "precision": 0.34285714285714286,
  "recall": 0.2681564245810056,
  "accuracy": 0.9032118055555556,
  "report": "              precision    recall  f1-score   support\n\n           0       0.94      0.96      0.95      2125\n           1       0.34      0.27      0.30       179\n\n    accuracy                           0.90      2304\n   macro avg       0.64      0.61      0.62      2304\nweighted avg       0.89      0.90      0.90      2304\n"
}