{
  "loss": 0.4876800349780491,
  "f1": 0.2826747720364742,
  "precision": 0.29523809523809524,
  "recall": 0.27113702623906705,
  "accuracy": 0.8683035714285714,
  "report": "              precision    recall  f1-score   support\n\n           0       0.92      0.93      0.93      3241\n           1       0.30      0.27      0.28       343\n\n    accuracy                           0.87      3584\n   macro avg       0.61      0.60      0.61      3584\nweighted avg       0.86      0.87      0.87      3584\n"
}