{
  "loss": 0.24763454177549907,
  "f1": 0.6597760551248923,
  "precision": 0.6237785016286646,
  "recall": 0.70018281535649,
  "accuracy": 0.8897879464285714,
  "report": "              precision    recall  f1-score   support\n\n           0       0.94      0.92      0.93      3037\n           1       0.62      0.70      0.66       547\n\n    accuracy                           0.89      3584\n   macro avg       0.78      0.81      0.80      3584\nweighted avg       0.90      0.89      0.89      3584\n"
}