{
  "loss": 0.2793916719300406,
  "f1": 0.6524938675388389,
  "precision": 0.5902366863905325,
  "recall": 0.7294332723948812,
  "accuracy": 0.8814174107142857,
  "report": "              precision    recall  f1-score   support\n\n           0       0.95      0.91      0.93      3037\n           1       0.59      0.73      0.65       547\n\n    accuracy                           0.88      3584\n   macro avg       0.77      0.82      0.79      3584\nweighted avg       0.89      0.88      0.89      3584\n"
}