{
  "loss": 0.5042186026510439,
  "f1": 0.49560117302052786,
  "precision": 0.5671140939597316,
  "recall": 0.4401041666666667,
  "accuracy": 0.8585526315789473,
  "report": "              precision    recall  f1-score   support\n\n           0       0.90      0.94      0.92      2048\n           1       0.57      0.44      0.50       384\n\n    accuracy                           0.86      2432\n   macro avg       0.73      0.69      0.71      2432\nweighted avg       0.85      0.86      0.85      2432\n"
}