{
  "loss": 0.2344935583440881,
  "f1": 0.6700507614213198,
  "precision": 0.6211764705882353,
  "recall": 0.7272727272727273,
  "accuracy": 0.8930921052631579,
  "report": "              precision    recall  f1-score   support\n\n           0       0.95      0.92      0.94      2069\n           1       0.62      0.73      0.67       363\n\n    accuracy                           0.89      2432\n   macro avg       0.79      0.82      0.80      2432\nweighted avg       0.90      0.89      0.90      2432\n"
}