{
  "loss": 0.14393743587736804,
  "f1": 0.8329297820823245,
  "precision": 0.8557213930348259,
  "recall": 0.8113207547169812,
  "accuracy": 0.9807477678571429,
  "report": "              precision    recall  f1-score   support\n\n           0       0.99      0.99      0.99      3372\n           1       0.86      0.81      0.83       212\n\n    accuracy                           0.98      3584\n   macro avg       0.92      0.90      0.91      3584\nweighted avg       0.98      0.98      0.98      3584\n"
}