{
  "loss": 0.6083558342541104,
  "f1": 0.5572755417956656,
  "precision": 0.6766917293233082,
  "recall": 0.47368421052631576,
  "accuracy": 0.9419642857142857,
  "report": "              precision    recall  f1-score   support\n\n           0       0.96      0.98      0.97      2274\n           1       0.68      0.47      0.56       190\n\n    accuracy                           0.94      2464\n   macro avg       0.82      0.73      0.76      2464\nweighted avg       0.94      0.94      0.94      2464\n",
  "preds": [
    1,
    1,
    1,
    1,
    0,
    0,
    0,
    0,
    0,
    0,
    0,
    1,
    1,
    1,
    1,
    0,
    0,
    0,
    1,
    0,
    0,
    0,
    0,
    0,
    1,
    0,
    0,
    0,
    1,
    0,
    1,
    1,
    0,
    0,
    0,
    0,
    0,
    0,
    0,
    1,
    0,
    1,
    0,
    0,
    0,
    1,
    1,
    0,
    0,
    0,
    0,
    0,
    1,
    0,
    0,
    0,
    0,
    0,
    0,
    1,
    1,
    0,
    0,
    1,
    0,
    0,
    0,
    0,
    1,
    1,
    0,
    0,
    1,
    1,
    1,
    0,
    0,
    0,
    0,
    0,
    1,
    0,
    0,
    0,
    0,
    1,
    1,
    0,
    0,
    0,
    0,
    1,
    0,
    1,
    1,
    0,
    0,
    0,
    0,
    0,
    0,
    0,
    0,
    0,
    0,
    0,
    0,
    0,
    0,
    0,
    0,
    0,
    0,
    0,
    0,
    0,
    0,
    0,
    1,
    0,
    0,
    1,
    0,
    1,
    1,
    0,
    0,
    1,
    0,
    0,
    0,
    1,
    0,
    1,
    0,
    1,
    1,
    1,
    1,
    0,
    0,
    0,
    0
  ],
  "ids": [
    "Way Way Back  ONE NIGHT ULTIMATE WEREWOLF  Retro 10_Game5_4",
    "Way Way Back  ONE NIGHT ULTIMATE WEREWOLF  Retro 10_Game5_58",
    "Way Way Back  ONE NIGHT ULTIMATE WEREWOLF  Retro 10_Game5_67",
    "Way Way Back  ONE NIGHT ULTIMATE WEREWOLF  Retro 10_Game5_89",
    "Way Way Back  ONE NIGHT ULTIMATE WEREWOLF  Retro 10_Game5_110",
    "Way Way Back  ONE NIGHT ULTIMATE WEREWOLF  Retro 10_Game5_155",
    "Way Way Back  ONE NIGHT ULTIMATE WEREWOLF  Retro 10_Game5_175",
    "Retrovision  ONE NIGHT ULTIMATE WEREWOLF  Retro 7_Game5_38",
    "Retrovision  ONE NIGHT ULTIMATE WEREWOLF  Retro 7_Game5_67",
    "Retrovision  ONE NIGHT ULTIMATE WEREWOLF  Retro 7_Game5_89",
    "Retrovision  ONE NIGHT ULTIMATE WEREWOLF  Retro 7_Game5_104",
    "Retrovision  ONE NIGHT ULTIMATE WEREWOLF  Retro 7_Game5_126",
    "Retrovision  ONE NIGHT ULTIMATE WEREWOLF  Retro 7_Game5_162",
    "Retrovision  ONE NIGHT ULTIMATE WEREWOLF  Retro 7_Game5_164",
    "Retrovision  ONE NIGHT ULTIMATE WEREWOLF  Retro 7_Game5_172",
    "Retrovision  ONE NIGHT ULTIMATE WEREWOLF  Retro 7_Game5_179",
    "ONE NIGHT ULTIMATE WEREWOLF  Retro 1_Game6_12",
    "ONE NIGHT ULTIMATE WEREWOLF  Retro 1_Game6_20",
    "ONE NIGHT ULTIMATE WEREWOLF  Retro 1_Game6_38",
    "ONE NIGHT ULTIMATE WEREWOLF  Retro 1_Game6_48",
    "ONE NIGHT ULTIMATE WEREWOLF  Retro 1_Game6_59",
    "ONE NIGHT ULTIMATE WEREWOLF  Retro 1_Game6_62",
    "ONE NIGHT ULTIMATE WEREWOLF  Retro 1_Game6_66",
    "ONE NIGHT ULTIMATE WEREWOLF  Retro 5_Game2_28",
    "ONE NIGHT ULTIMATE WEREWOLF  Retro 5_Game2_35",
    "ONE NIGHT ULTIMATE WEREWOLF  Retro 5_Game2_50",
    "ONE NIGHT ULTIMATE WEREWOLF  Retro 5_Game2_66",
    "ONE NIGHT ULTIMATE WEREWOLF  Retro 5_Game2_86",
    "ONE NIGHT ULTIMATE WEREWOLF  Retro 5_Game2_89",
    "ONE NIGHT ULTIMATE WEREWOLF  Retro 2_Game8_12",
    "ONE NIGHT ULTIMATE WEREWOLF  Retro 2_Game8_28",
    "ONE NIGHT ULTIMATE WEREWOLF  Retro 2_Game8_59",
    "ONE NIGHT ULTIMATE WEREWOLF  Retro 2_Game8_61",
    "ONE NIGHT ULTIMATE WEREWOLF  Retro 2_Game8_88",
    "ONE NIGHT ULTIMATE WEREWOLF 64  March 23rd 2019_Game4_18",
    "ONE NIGHT ULTIMATE WEREWOLF 64  March 23rd 2019_Game4_33",
    "ONE NIGHT ULTIMATE WEREWOLF 64  March 23rd 2019_Game4_77",
    "ONE NIGHT ULTIMATE WEREWOLF 64  March 23rd 2019_Game4_83",
    "One Night Ultimate Werewolf 362 More Classic Werewolf_Game1_72",
    "One Night Ultimate Werewolf 362 More Classic Werewolf_Game1_73",
    "One Night Ultimate Werewolf 362 More Classic Werewolf_Game1_80",
    "One Night Ultimate Werewolf 362 More Classic Werewolf_Game1_96",
    "One Night Ultimate Werewolf 362 More Classic Werewolf_Game1_123",
    "One Night Ultimate Werewolf 362 More Classic Werewolf_Game1_124",
    "One Night Ultimate Werewolf 362 More Classic Werewolf_Game1_140",
    "One Night Ultimate Werewolf 362 More Classic Werewolf_Game1_145",
    "One Night Ultimate Werewolf 362 More Classic Werewolf_Game1_146",
    "One Night Ultimate Werewolf 362 More Classic Werewolf_Game1_153",
    "One Night Ultimate Werewolf 362 More Classic Werewolf_Game1_156",
    "One Night Ultimate Werewolf 362 More Classic Werewolf_Game1_174",
    "One Night Ultimate Werewolf 362 More Classic Werewolf_Game1_182",
    "One Night Ultimate Werewolf 362 More Classic Werewolf_Game1_189",
    "One Night Ultimate Werewolf 362 More Classic Werewolf_Game1_250",
    "ONE NIGHT ULTIMATE WEREWOLF 9  November 6th 2016_Game4_3",
    "ONE NIGHT ULTIMATE WEREWOLF 9  November 6th 2016_Game4_6",
    "ONE NIGHT ULTIMATE WEREWOLF 9  November 6th 2016_Game4_13",
    "ONE NIGHT ULTIMATE WEREWOLF 9  November 6th 2016_Game4_15",
    "ONE NIGHT ULTIMATE WEREWOLF 9  November 6th 2016_Game4_28",
    "ONE NIGHT ULTIMATE WEREWOLF 9  November 6th 2016_Game4_31",
    "ONE NIGHT ULTIMATE WEREWOLF 9  November 6th 2016_Game4_38",
    "ONE NIGHT ULTIMATE WEREWOLF 9  November 6th 2016_Game4_96",
    "ONE NIGHT ULTIMATE WEREWOLF 9  November 6th 2016_Game4_128",
    "ONE NIGHT ULTIMATE WEREWOLF 9  November 6th 2016_Game4_163",
    "One Night Ultimate Werewolf 363 Even More Classic Werewolf_Game1_85",
    "One Night Ultimate Werewolf 363 Even More Classic Werewolf_Game1_90",
    "One Night Ultimate Werewolf 363 Even More Classic Werewolf_Game1_97",
    "One Night Ultimate Werewolf 363 Even More Classic Werewolf_Game1_111",
    "One Night Ultimate Werewolf 363 Even More Classic Werewolf_Game1_117",
    "One Night Ultimate Werewolf 363 Even More Classic Werewolf_Game1_130",
    "One Night Ultimate Werewolf 363 Even More Classic Werewolf_Game1_151",
    "One Night Ultimate Werewolf 363 Even More Classic Werewolf_Game1_188",
    "One Night Ultimate Werewolf 363 Even More Classic Werewolf_Game1_229",
    "One Night Ultimate Werewolf 363 Even More Classic Werewolf_Game1_256",
    "One Night Ultimate Werewolf 363 Even More Classic Werewolf_Game1_329",
    "One Night Ultimate Werewolf 363 Even More Classic Werewolf_Game1_330",
    "ONE NIGHT ULTIMATE WEREWOLF 34  March 24th 2018_Game2_17",
    "ONE NIGHT ULTIMATE WEREWOLF 34  March 24th 2018_Game2_20",
    "ONE NIGHT ULTIMATE WEREWOLF 34  March 24th 2018_Game2_27",
    "ONE NIGHT ULTIMATE WEREWOLF 34  March 24th 2018_Game2_30",
    "ONE NIGHT ULTIMATE WEREWOLF 34  March 24th 2018_Game2_32",
    "ONE NIGHT ULTIMATE WEREWOLF 34  March 24th 2018_Game2_38",
    "ONE NIGHT ULTIMATE WEREWOLF 34  March 24th 2018_Game2_41",
    "ONE NIGHT ULTIMATE WEREWOLF 34  March 24th 2018_Game2_42",
    "ONE NIGHT ULTIMATE WEREWOLF 34  March 24th 2018_Game2_44",
    "ONE NIGHT ULTIMATE WEREWOLF 34  March 24th 2018_Game2_46",
    "ONE NIGHT ULTIMATE WEREWOLF 34  March 24th 2018_Game2_47",
    "ONE NIGHT ULTIMATE WEREWOLF 34  March 24th 2018_Game2_62",
    "ONE NIGHT ULTIMATE WEREWOLF 34  March 24th 2018_Game2_65",
    "ONE NIGHT ULTIMATE WEREWOLF 34  March 24th 2018_Game2_74",
    "ONE NIGHT ULTIMATE WEREWOLF 34  March 24th 2018_Game2_77",
    "ONE NIGHT ULTIMATE WEREWOLF 34  March 24th 2018_Game2_118",
    "One Night Ultimate Werewolf 491 Classic Werewolf_Game1_8",
    "One Night Ultimate Werewolf 491 Classic Werewolf_Game1_41",
    "One Night Ultimate Werewolf 491 Classic Werewolf_Game1_55",
    "One Night Ultimate Werewolf 491 Classic Werewolf_Game1_77",
    "One Night Ultimate Werewolf 491 Classic Werewolf_Game1_128",
    "One Night Ultimate Werewolf 491 Classic Werewolf_Game1_135",
    "ONE NIGHT ULTIMATE WEREWOLF 30  February 17th 2018_Game4_21",
    "ONE NIGHT ULTIMATE WEREWOLF 30  February 17th 2018_Game4_42",
