{
  "loss": 0.17168256590249864,
  "f1": 0.9010830324909748,
  "precision": 0.9030390738060782,
  "recall": 0.899135446685879,
  "accuracy": 0.9619444444444445,
  "report": "              precision    recall  f1-score   support\n\n           0       0.98      0.98      0.98      2906\n           1       0.90      0.90      0.90       694\n\n    accuracy                           0.96      3600\n   macro avg       0.94      0.94      0.94      3600\nweighted avg       0.96      0.96      0.96      3600\n",
  "preds": [
    0,
    0,
    0,
    0,
    1,
    1,
    0,
    1,
    1,
    0,
    0,
    1,
    1,
    0,
    1,
    1,
    0,
    0,
    0,
    0,
    1,
    1,
    1,
    1,
    0,
    1,
    1,
    1,
    0,
    1,
    1,
    1,
    0,
    0,
    0,
    0,
    0,
    1,
    1,
    1,
    1,
    1,
    1,
    1,
    1,
    1,
    1,
    0,
    0,
    0,
    0,
    1,
    0,
    1,
    0,
    0,
    0,
    0,
    0,
    0,
    0,
    0,
    0,
    0,
    0,
    1,
    1,
    1,
    0,
    1,
    0,
    0,
    0,
    0,
    0,
    0,
    0,
    1,
    0,
    1,
    1,
    1,
    1,
    1,
    1,
    1,
    1,
    0,
    1,
    0,
    0,
    0,
    0,
    0,
    0,
    0,
    0,
    0,
    0,
    1,
    1,
    0,
    1,
    1,
    1,
    1,
    0,
    1,
    1,
    0,
    0,
    0,
    1,
    1,
    1,
    1,
    1,
    0,
    0,
    0,
    1,
    1,
    0,
    0,
    1,
    1,
    0,
    1,
    1,
    0,
    0,
    1,
    1,
    1,
    1,
    0,
    0
  ],
  "ids": [
    "ONE NIGHT ULTIMATE WEREWOLF 45  October 13th 2018_Game6_15",
    "ONE NIGHT ULTIMATE WEREWOLF 45  October 13th 2018_Game6_16",
    "ONE NIGHT ULTIMATE WEREWOLF 45  October 13th 2018_Game6_68",
    "ONE NIGHT ULTIMATE WEREWOLF 43  October 13th 2018_Game3_9",
    "ONE NIGHT ULTIMATE WEREWOLF 43  October 13th 2018_Game3_15",
    "ONE NIGHT ULTIMATE WEREWOLF 43  October 13th 2018_Game3_100",
    "ONE NIGHT ULTIMATE WEREWOLF 43  October 13th 2018_Game3_103",
    "ONE NIGHT ULTIMATE WEREWOLF 43  October 13th 2018_Game3_104",
    "ONE NIGHT ULTIMATE WEREWOLF 18  September 30th 2017_Game1_73",
    "ONE NIGHT ULTIMATE WEREWOLF 89  November 30th 2019_Game3_11",
    "ONE NIGHT ULTIMATE WEREWOLF 89  November 30th 2019_Game3_20",
    "ONE NIGHT ULTIMATE WEREWOLF 89  November 30th 2019_Game3_35",
    "ONE NIGHT ULTIMATE WEREWOLF 89  November 30th 2019_Game3_42",
    "ONE NIGHT ULTIMATE WEREWOLF 89  November 30th 2019_Game3_44",
    "ONE NIGHT ULTIMATE WEREWOLF 89  November 30th 2019_Game3_52",
    "One Night Ultimate Werewolf GAME NIGHT!!_Game2_13",
    "One Night Ultimate Werewolf GAME NIGHT!!_Game2_21",
    "One Night Ultimate Werewolf GAME NIGHT!!_Game2_35",
    "One Night Ultimate Werewolf GAME NIGHT!!_Game2_54",
    "One Night Ultimate Werewolf GAME NIGHT!!_Game2_62",
    "One Night Ultimate Werewolf GAME NIGHT!!_Game2_65",
    "Visions from 2016  ONE NIGHT ULTIMATE WEREWOLF  Retro 11_Game1_41",
    "Visions from 2016  ONE NIGHT ULTIMATE WEREWOLF  Retro 11_Game1_47",
    "Visions from 2016  ONE NIGHT ULTIMATE WEREWOLF  Retro 11_Game1_96",
    "Visions from 2016  ONE NIGHT ULTIMATE WEREWOLF  Retro 11_Game1_101",
    "Visions from 2016  ONE NIGHT ULTIMATE WEREWOLF  Retro 11_Game1_144",
    "ONE NIGHT ULTIMATE WEREWOLF 87  November 9th 2019_Game1_25",
    "ONE NIGHT ULTIMATE WEREWOLF 87  November 9th 2019_Game1_30",
    "ONE NIGHT ULTIMATE WEREWOLF 87  November 9th 2019_Game1_38",
    "ONE NIGHT ULTIMATE WEREWOLF 87  November 9th 2019_Game1_49",
    "ONE NIGHT ULTIMATE WEREWOLF 87  November 9th 2019_Game1_55",
    "ONE NIGHT ULTIMATE WEREWOLF 87  November 9th 2019_Game1_73",
    "ONE NIGHT ULTIMATE WEREWOLF 87  November 9th 2019_Game1_98",
    "ONE NIGHT ULTIMATE WEREWOLF 87  November 9th 2019_Game1_117",
    "ONE NIGHT ULTIMATE WEREWOLF  Retro 1_Game1_23",
    "Ye Olde Times  ONE NIGHT ULTIMATE WEREWOLF  Retro 8_Game4_45",
    "Ye Olde Times  ONE NIGHT ULTIMATE WEREWOLF  Retro 8_Game4_107",
    "ONE NIGHT ULTIMATE WEREWOLF  Retro 4_Game6_15",
    "ONE NIGHT ULTIMATE WEREWOLF  Retro 4_Game6_34",
    "Retrovision  ONE NIGHT ULTIMATE WEREWOLF  Retro 7_Game3_51",
    "Retrovision  ONE NIGHT ULTIMATE WEREWOLF  Retro 7_Game3_52",
    "Retrovision  ONE NIGHT ULTIMATE WEREWOLF  Retro 7_Game3_53",
    "Retrovision  ONE NIGHT ULTIMATE WEREWOLF  Retro 7_Game3_77",
    "Retrovision  ONE NIGHT ULTIMATE WEREWOLF  Retro 7_Game3_80",
    "Retrovision  ONE NIGHT ULTIMATE WEREWOLF  Retro 7_Game3_82",
    "Retrovision  ONE NIGHT ULTIMATE WEREWOLF  Retro 7_Game3_87",
    "Retrovision  ONE NIGHT ULTIMATE WEREWOLF  Retro 7_Game3_95",
    "ONE NIGHT ULTIMATE WEREWOLF  Retro 3_Game6_29",
    "One Night Ultimate Werewolf 493 Even More Classic Werewolf_Game1_4",
    "One Night Ultimate Werewolf 493 Even More Classic Werewolf_Game1_8",
    "One Night Ultimate Werewolf 493 Even More Classic Werewolf_Game1_15",
    "One Night Ultimate Werewolf 493 Even More Classic Werewolf_Game1_32",
    "One Night Ultimate Werewolf 493 Even More Classic Werewolf_Game1_38",
    "One Night Ultimate Werewolf 493 Even More Classic Werewolf_Game1_113",
    "One Night Ultimate Werewolf 493 Even More Classic Werewolf_Game1_153",
    "One Night Ultimate Werewolf 493 Even More Classic Werewolf_Game1_155",
    "ONE NIGHT ULTIMATE WEREWOLF 28  February 17th 2018_Game2_19",
    "ONE NIGHT ULTIMATE WEREWOLF 28  February 17th 2018_Game2_21",
    "ONE NIGHT ULTIMATE WEREWOLF 28  February 17th 2018_Game2_23",
    "ONE NIGHT ULTIMATE WEREWOLF 28  February 17th 2018_Game2_32",
    "ONE NIGHT ULTIMATE WEREWOLF 28  February 17th 2018_Game2_33",
    "ONE NIGHT ULTIMATE WEREWOLF 28  February 17th 2018_Game2_53",
    "ONE NIGHT ULTIMATE WEREWOLF 28  February 17th 2018_Game2_62",
    "ONE NIGHT ULTIMATE WEREWOLF 28  February 17th 2018_Game2_63",
    "ONE NIGHT ULTIMATE WEREWOLF 7  November 6th 2016_Game1_4",
    "ONE NIGHT ULTIMATE WEREWOLF 7  November 6th 2016_Game1_24",
    "ONE NIGHT ULTIMATE WEREWOLF 7  November 6th 2016_Game1_46",
    "ONE NIGHT ULTIMATE WEREWOLF 7  November 6th 2016_Game1_75",
    "The Return of the King  ONE NIGHT ULTIMATE WEREWOLF_Game6_4",
    "The Return of the King  ONE NIGHT ULTIMATE WEREWOLF_Game6_14",
    "The Return of the King  ONE NIGHT ULTIMATE WEREWOLF_Game6_84",
    "The Return of the King  ONE NIGHT ULTIMATE WEREWOLF_Game6_101",
    "The Return of the King  ONE NIGHT ULTIMATE WEREWOLF_Game6_103",
    "Retrovision  ONE NIGHT ULTIMATE WEREWOLF  Retro 7_Game2_38",
    "Retrovision  ONE NIGHT ULTIMATE WEREWOLF  Retro 7_Game2_50",
    "Retrovision  ONE NIGHT ULTIMATE WEREWOLF  Retro 7_Game2_100",
    "ONE NIGHT ULTIMATE WEREWOLF 44  October 13th 2018_Game3_83",
    "ONE NIGHT ULTIMATE WEREWOLF 44  October 13th 2018_Game3_97",
    "ONE NIGHT ULTIMATE WEREWOLF - Drinking Play Through_Game2_67",
    "ONE NIGHT ULTIMATE WEREWOLF - Drinking Play Through_Game2_77",
    "ONE NIGHT ULTIMATE WEREWOLF - Drinking Play Through_Game2_90",
    "ONE NIGHT ULTIMATE WEREWOLF - Drinking Play Through_Game2_114",
    "ONE NIGHT ULTIMATE WEREWOLF 1  July 5th 2016_Game2_6",
    "ONE NIGHT ULTIMATE WEREWOLF 1  July 5th 2016_Game2_51",
    "ONE NIGHT ULTIMATE WEREWOLF 1  July 5th 2016_Game2_52",
    "ONE NIGHT ULTIMATE WEREWOLF 1  July 5th 2016_Game2_66",
    "ONE NIGHT ULTIMATE WEREWOLF 1  July 5th 2016_Game2_72",
    "ONE NIGHT ULTIMATE WEREWOLF 1  July 5th 2016_Game2_83",
    "ONE NIGHT ULTIMATE WEREWOLF 1  July 5th 2016_Game2_125",
    "ONE NIGHT ULTIMATE WEREWOLF  Retro 3_Game7_19",
    "ONE NIGHT ULTIMATE WEREWOLF 44  October 13th 2018_Game2_3",
    "ONE NIGHT ULTIMATE WEREWOLF 44  October 13th 2018_Game2_26",
    "ONE NIGHT ULTIMATE WEREWOLF 44  October 13th 2018_Game2_52",
    "ONE NIGHT ULTIMATE WEREWOLF 44  October 13th 2018_Game2_63",
    "ONE NIGHT ULTIMATE WEREWOLF 44  October 13th 2018_Game2_67",
    "ONE NIGHT ULTIMATE WEREWOLF 44  October 13th 2018_Game2_84",
    "ONE NIGHT ULTIMATE WEREWOLF 44  October 13th 2018_Game2_89",
    "ONE NIGHT ULTIMATE WEREWOLF 44  October 13th 2018_Game2_92",
