{
  "loss": 0.6447214313915798,
  "f1": 0.31149301825993553,
  "precision": 0.3776041666666667,
  "recall": 0.26508226691042047,
  "accuracy": 0.8211495535714286,
  "report": "              precision    recall  f1-score   support\n\n           0       0.87      0.92      0.90      3037\n           1       0.38      0.27      0.31       547\n\n    accuracy                           0.82      3584\n   macro avg       0.63      0.59      0.60      3584\nweighted avg       0.80      0.82      0.81      3584\n"
}