{
  "loss": 0.601535975933075,
  "f1": 0.36394557823129253,
  "precision": 0.4331983805668016,
  "recall": 0.31378299120234604,
  "accuracy": 0.8376736111111112,
  "report": "              precision    recall  f1-score   support\n\n           0       0.89      0.93      0.91      1963\n           1       0.43      0.31      0.36       341\n\n    accuracy                           0.84      2304\n   macro avg       0.66      0.62      0.64      2304\nweighted avg       0.82      0.84      0.83      2304\n"
}