{
  "loss": 0.4581149054898156,
  "f1": 0.3741496598639456,
  "precision": 0.44534412955465585,
  "recall": 0.3225806451612903,
  "accuracy": 0.8402777777777778,
  "report": "              precision    recall  f1-score   support\n\n           0       0.89      0.93      0.91      1963\n           1       0.45      0.32      0.37       341\n\n    accuracy                           0.84      2304\n   macro avg       0.67      0.63      0.64      2304\nweighted avg       0.82      0.84      0.83      2304\n"
}