{
  "loss": 0.3608251440205744,
  "f1": 0.905848787446505,
  "precision": 0.8956276445698167,
  "recall": 0.9163059163059163,
  "accuracy": 0.9631696428571429,
  "report": "              precision    recall  f1-score   support\n\n           0       0.98      0.97      0.98      2891\n           1       0.90      0.92      0.91       693\n\n    accuracy                           0.96      3584\n   macro avg       0.94      0.95      0.94      3584\nweighted avg       0.96      0.96      0.96      3584\n"
}