{
  "loss": 0.4739906330193792,
  "f1": 0.5790349417637272,
  "precision": 0.6744186046511628,
  "recall": 0.5072886297376094,
  "accuracy": 0.9294084821428571,
  "report": "              precision    recall  f1-score   support\n\n           0       0.95      0.97      0.96      3241\n           1       0.67      0.51      0.58       343\n\n    accuracy                           0.93      3584\n   macro avg       0.81      0.74      0.77      3584\nweighted avg       0.92      0.93      0.92      3584\n"
}