{
  "loss": 0.09416400401719979,
  "f1": 0.7829313543599258,
  "precision": 0.7992424242424242,
  "recall": 0.7672727272727272,
  "accuracy": 0.9673549107142857,
  "report": "              precision    recall  f1-score   support\n\n           0       0.98      0.98      0.98      3309\n           1       0.80      0.77      0.78       275\n\n    accuracy                           0.97      3584\n   macro avg       0.89      0.88      0.88      3584\nweighted avg       0.97      0.97      0.97      3584\n",
  "preds": [
    0,
    0,
    1,
    0,
    1,
    1,
    1,
    1,
    1,
    1,
    1,
    1,
    1,
    0,
    0,
    0,
    1,
    0,
    0,
    0,
    1,
    1,
    0,
    1,
    0,
    1,
    0,
    0,
    1,
    1,
    1,
    1,
    1,
    0,
    1,
    0,
    0,
    0,
    1,
    1,
    1,
    1,
    1,
    1,
    1,
    1,
    0,
    0,
    0,
    0,
    1,
    1,
    1,
    1,
    1,
    1,
    1,
    0,
    1,
    0,
    1,
    0,
    0,
    0,
    1,
    0,
    1,
    1,
    1,
    0,
    1,
    0,
    0,
    0,
    0,
    0,
    0,
    0,
    0,
    0,
    1,
    0,
    0,
    0,
    1,
    1,
    0,
    0,
    1,
    0,
    1,
    0,
    0,
    0,
    0,
    1,
    0,
    0,
    0,
    0,
    1,
    0,
    0,
    1,
    0,
    1,
    1,
    0,
    0,
    0,
    0,
    0,
    0,
    0,
    0,
    0,
    0
  ],
  "ids": [
    "ONE NIGHT ULTIMATE WEREWOLF 43  October 13th 2018_Game3_16",
    "ONE NIGHT ULTIMATE WEREWOLF 43  October 13th 2018_Game3_17",
    "ONE NIGHT ULTIMATE WEREWOLF 43  October 13th 2018_Game3_51",
    "ONE NIGHT ULTIMATE WEREWOLF 18  September 30th 2017_Game1_86",
    "ONE NIGHT ULTIMATE WEREWOLF 89  November 30th 2019_Game3_23",
    "ONE NIGHT ULTIMATE WEREWOLF 89  November 30th 2019_Game3_72",
    "ONE NIGHT ULTIMATE WEREWOLF 89  November 30th 2019_Game3_74",
    "ONE NIGHT ULTIMATE WEREWOLF 89  November 30th 2019_Game3_76",
    "ONE NIGHT ULTIMATE WEREWOLF 89  November 30th 2019_Game3_77",
    "ONE NIGHT ULTIMATE WEREWOLF 89  November 30th 2019_Game3_81",
    "ONE NIGHT ULTIMATE WEREWOLF 89  November 30th 2019_Game3_82",
    "One Night Ultimate Werewolf GAME NIGHT!!_Game2_73",
    "Visions from 2016  ONE NIGHT ULTIMATE WEREWOLF  Retro 11_Game1_98",
    "Visions from 2016  ONE NIGHT ULTIMATE WEREWOLF  Retro 11_Game1_106",
    "Visions from 2016  ONE NIGHT ULTIMATE WEREWOLF  Retro 11_Game1_126",
    "ONE NIGHT ULTIMATE WEREWOLF 87  November 9th 2019_Game1_76",
    "ONE NIGHT ULTIMATE WEREWOLF 87  November 9th 2019_Game1_106",
    "ONE NIGHT ULTIMATE WEREWOLF 87  November 9th 2019_Game1_133",
    "ONE NIGHT ULTIMATE WEREWOLF  Retro 1_Game1_54",
    "Ye Olde Times  ONE NIGHT ULTIMATE WEREWOLF  Retro 8_Game4_99",
    "Ye Olde Times  ONE NIGHT ULTIMATE WEREWOLF  Retro 8_Game4_125",
    "Ye Olde Times  ONE NIGHT ULTIMATE WEREWOLF  Retro 8_Game4_127",
    "Ye Olde Times  ONE NIGHT ULTIMATE WEREWOLF  Retro 8_Game4_130",
    "ONE NIGHT ULTIMATE WEREWOLF  Retro 4_Game6_69",
    "Retrovision  ONE NIGHT ULTIMATE WEREWOLF  Retro 7_Game3_11",
    "Retrovision  ONE NIGHT ULTIMATE WEREWOLF  Retro 7_Game3_24",
    "Retrovision  ONE NIGHT ULTIMATE WEREWOLF  Retro 7_Game3_41",
    "Retrovision  ONE NIGHT ULTIMATE WEREWOLF  Retro 7_Game3_63",
    "Retrovision  ONE NIGHT ULTIMATE WEREWOLF  Retro 7_Game3_78",
    "Retrovision  ONE NIGHT ULTIMATE WEREWOLF  Retro 7_Game3_83",
    "Retrovision  ONE NIGHT ULTIMATE WEREWOLF  Retro 7_Game3_95",
    "Retrovision  ONE NIGHT ULTIMATE WEREWOLF  Retro 7_Game3_97",
    "Retrovision  ONE NIGHT ULTIMATE WEREWOLF  Retro 7_Game3_124",
    "ONE NIGHT ULTIMATE WEREWOLF  Retro 3_Game6_7",
    "ONE NIGHT ULTIMATE WEREWOLF  Retro 3_Game6_48",
    "ONE NIGHT ULTIMATE WEREWOLF  Retro 3_Game6_79",
    "ONE NIGHT ULTIMATE WEREWOLF  Retro 3_Game6_101",
    "ONE NIGHT ULTIMATE WEREWOLF  Retro 3_Game6_107",
    "One Night Ultimate Werewolf 493 Even More Classic Werewolf_Game1_116",
    "One Night Ultimate Werewolf 493 Even More Classic Werewolf_Game1_125",
    "One Night Ultimate Werewolf 493 Even More Classic Werewolf_Game1_144",
    "One Night Ultimate Werewolf 493 Even More Classic Werewolf_Game1_145",
    "One Night Ultimate Werewolf 493 Even More Classic Werewolf_Game1_153",
    "One Night Ultimate Werewolf 493 Even More Classic Werewolf_Game1_154",
    "One Night Ultimate Werewolf 493 Even More Classic Werewolf_Game1_175",
    "ONE NIGHT ULTIMATE WEREWOLF 28  February 17th 2018_Game2_49",
    "ONE NIGHT ULTIMATE WEREWOLF 28  February 17th 2018_Game2_84",
    "ONE NIGHT ULTIMATE WEREWOLF 28  February 17th 2018_Game2_86",
    "ONE NIGHT ULTIMATE WEREWOLF 28  February 17th 2018_Game2_123",
    "ONE NIGHT ULTIMATE WEREWOLF 7  November 6th 2016_Game1_64",
    "ONE NIGHT ULTIMATE WEREWOLF 7  November 6th 2016_Game1_82",
    "The Return of the King  ONE NIGHT ULTIMATE WEREWOLF_Game6_103",
    "The Return of the King  ONE NIGHT ULTIMATE WEREWOLF_Game6_112",
    "Retrovision  ONE NIGHT ULTIMATE WEREWOLF  Retro 7_Game2_29",
    "Retrovision  ONE NIGHT ULTIMATE WEREWOLF  Retro 7_Game2_43",
    "Retrovision  ONE NIGHT ULTIMATE WEREWOLF  Retro 7_Game2_69",
    "Retrovision  ONE NIGHT ULTIMATE WEREWOLF  Retro 7_Game2_86",
    "Retrovision  ONE NIGHT ULTIMATE WEREWOLF  Retro 7_Game2_87",
    "Retrovision  ONE NIGHT ULTIMATE WEREWOLF  Retro 7_Game2_109",
    "ONE NIGHT ULTIMATE WEREWOLF 44  October 13th 2018_Game3_43",
    "ONE NIGHT ULTIMATE WEREWOLF 44  October 13th 2018_Game3_59",
    "ONE NIGHT ULTIMATE WEREWOLF 44  October 13th 2018_Game3_64",
    "ONE NIGHT ULTIMATE WEREWOLF 44  October 13th 2018_Game3_76",
    "ONE NIGHT ULTIMATE WEREWOLF 44  October 13th 2018_Game3_85",
    "ONE NIGHT ULTIMATE WEREWOLF - Drinking Play Through_Game2_83",
    "ONE NIGHT ULTIMATE WEREWOLF 1  July 5th 2016_Game2_81",
    "ONE NIGHT ULTIMATE WEREWOLF 1  July 5th 2016_Game2_82",
    "ONE NIGHT ULTIMATE WEREWOLF  Retro 3_Game7_19",
    "ONE NIGHT ULTIMATE WEREWOLF  Retro 3_Game7_59",
    "ONE NIGHT ULTIMATE WEREWOLF 44  October 13th 2018_Game2_21",
    "ONE NIGHT ULTIMATE WEREWOLF 44  October 13th 2018_Game2_55",
    "ONE NIGHT ULTIMATE WEREWOLF 44  October 13th 2018_Game2_69",
    "ONE NIGHT ULTIMATE WEREWOLF 44  October 13th 2018_Game2_73",
    "ONE NIGHT ULTIMATE WEREWOLF 44  October 13th 2018_Game2_95",
    "ONE NIGHT ULTIMATE WEREWOLF 45  October 13th 2018_Game4_41",
    "ONE NIGHT ULTIMATE WEREWOLF 45  October 13th 2018_Game4_42",
    "ONE NIGHT ULTIMATE WEREWOLF 45  October 13th 2018_Game4_58",
    "ONE NIGHT ULTIMATE WEREWOLF 45  October 13th 2018_Game4_64",
    "ONE NIGHT ULTIMATE WEREWOLF 45  October 13th 2018_Game4_71",
    "ONE NIGHT ULTIMATE WEREWOLF 45  October 13th 2018_Game4_100",
    "ONE NIGHT ULTIMATE WEREWOLF 45  October 13th 2018_Game4_113",
    "ONE NIGHT ULTIMATE WEREWOLF 45  October 13th 2018_Game4_131",
    "ONE NIGHT ULTIMATE WEREWOLF 45  October 13th 2018_Game4_132",
    "ONE NIGHT ULTIMATE WEREWOLF 45  October 13th 2018_Game4_136",
    "ONE NIGHT ULTIMATE WEREWOLF 83  October 15th 2019_Game2_20",
    "ONE NIGHT ULTIMATE WEREWOLF 83  October 15th 2019_Game2_84",
    "ONE NIGHT ULTIMATE WEREWOLF 83  October 15th 2019_Game2_103",
    "ONE NIGHT ULTIMATE WEREWOLF 83  October 15th 2019_Game2_116",
    "ONE NIGHT ULTIMATE WEREWOLF 83  October 15th 2019_Game2_118",
    "Retrovision  ONE NIGHT ULTIMATE WEREWOLF  Retro 7_Game4_34",
    "Retrovision  ONE NIGHT ULTIMATE WEREWOLF  Retro 7_Game4_167",
    "Retrovision  ONE NIGHT ULTIMATE WEREWOLF  Retro 7_Game4_170",
    "Retrovision  ONE NIGHT ULTIMATE WEREWOLF  Retro 7_Game4_181",
    "Retrovision  ONE NIGHT ULTIMATE WEREWOLF  Retro 7_Game4_182",
    "Retrovision  ONE NIGHT ULTIMATE WEREWOLF  Retro 7_Game4_184",
    "Visions from 2016  ONE NIGHT ULTIMATE WEREWOLF  Retro 11_Game3_80",
    "Visions from 2016  ONE NIGHT ULTIMATE WEREWOLF  Retro 11_Game3_85",
    "Visions from 2016  ONE NIGHT ULTIMATE WEREWOLF  Retro 11_Game3_97",
    "Visions from 2016  ONE NIGHT ULTIMATE WEREWOLF  Retro 11_Game3_99",
