{
  "loss": 0.28000883261362713,
  "f1": 0.2773109243697479,
  "precision": 0.559322033898305,
  "recall": 0.18435754189944134,
  "accuracy": 0.9253472222222222,
  "report": "              precision    recall  f1-score   support\n\n           0       0.93      0.99      0.96      2125\n           1       0.56      0.18      0.28       179\n\n    accuracy                           0.93      2304\n   macro avg       0.75      0.59      0.62      2304\nweighted avg       0.91      0.93      0.91      2304\n"
}