{
  "loss": 0.5096058164324079,
  "f1": 0.2052401746724891,
  "precision": 0.40869565217391307,
  "recall": 0.13702623906705538,
  "accuracy": 0.8984375,
  "report": "              precision    recall  f1-score   support\n\n           0       0.91      0.98      0.95      3241\n           1       0.41      0.14      0.21       343\n\n    accuracy                           0.90      3584\n   macro avg       0.66      0.56      0.58      3584\nweighted avg       0.87      0.90      0.87      3584\n"
}