{
  "loss": 0.21167267007487162,
  "f1": 0.25136612021857924,
  "precision": 0.5054945054945055,
  "recall": 0.16727272727272727,
  "accuracy": 0.9235491071428571,
  "report": "              precision    recall  f1-score   support\n\n           0       0.93      0.99      0.96      3309\n           1       0.51      0.17      0.25       275\n\n    accuracy                           0.92      3584\n   macro avg       0.72      0.58      0.61      3584\nweighted avg       0.90      0.92      0.91      3584\n"
}