{
  "loss": 0.19890687508242472,
  "f1": 0.753199268738574,
  "precision": 0.7573529411764706,
  "recall": 0.7490909090909091,
  "accuracy": 0.9623325892857143,
  "report": "              precision    recall  f1-score   support\n\n           0       0.98      0.98      0.98      3309\n           1       0.76      0.75      0.75       275\n\n    accuracy                           0.96      3584\n   macro avg       0.87      0.86      0.87      3584\nweighted avg       0.96      0.96      0.96      3584\n"
}