{
  "loss": 0.19012440891917018,
  "f1": 0.6547085201793722,
  "precision": 0.6759259259259259,
  "recall": 0.6347826086956522,
  "accuracy": 0.9665798611111112,
  "report": "              precision    recall  f1-score   support\n\n           0       0.98      0.98      0.98      2189\n           1       0.68      0.63      0.65       115\n\n    accuracy                           0.97      2304\n   macro avg       0.83      0.81      0.82      2304\nweighted avg       0.97      0.97      0.97      2304\n"
}