{
  "loss": 0.1127745181597614,
  "f1": 0.758364312267658,
  "precision": 0.8063241106719368,
  "recall": 0.7157894736842105,
  "accuracy": 0.9638888888888889,
  "report": "              precision    recall  f1-score   support\n\n           0       0.98      0.99      0.98      3315\n           1       0.81      0.72      0.76       285\n\n    accuracy                           0.96      3600\n   macro avg       0.89      0.85      0.87      3600\nweighted avg       0.96      0.96      0.96      3600\n",
  "preds": [
    0,
    0,
    0,
    0,
    0,
    0,
    0,
    0,
    1,
    0,
    0,
    0,
    0,
    0,
    0,
    1,
    1,
    1,
    1,
    1,
    1,
    1,
    1,
    0,
    1,
    0,
    0,
    0,
    0,
    1,
    1,
    1,
    0,
    1,
    1,
    1,
    0,
    0,
    1,
    1,
    0,
    0,
    0,
    0,
    1,
    1,
    0,
    0,
    0,
    0,
    0,
    0,
    1,
    1,
    1,
    0,
    0,
    0,
    1,
    1,
    1,
    1,
    1,
    0,
    0,
    0,
    1,
    1,
    1,
    1,
    1,
    0,
    1,
    0,
    1,
    0,
    0,
    1,
    0,
    0,
    1,
    0,
    0,
    0,
    0,
    0,
    0,
    0,
    0,
    0,
    1,
    1,
    1,
    0,
    0,
    0,
    1,
    1,
    0,
    0,
    0,
    0,
    0,
    1,
    0,
    0,
    0,
    1,
    0,
    0,
    0,
    1,
    0,
    1,
    1,
    0,
    0,
    0,
    0,
    0,
    0,
    1,
    0,
    0,
    0,
    0,
    0,
    0,
    1,
    0
  ],
  "ids": [
    "ONE NIGHT ULTIMATE WEREWOLF 45  October 13th 2018_Game6_20",
    "ONE NIGHT ULTIMATE WEREWOLF 45  October 13th 2018_Game6_95",
    "ONE NIGHT ULTIMATE WEREWOLF 45  October 13th 2018_Game6_99",
    "ONE NIGHT ULTIMATE WEREWOLF 45  October 13th 2018_Game6_102",
    "ONE NIGHT ULTIMATE WEREWOLF 45  October 13th 2018_Game6_104",
    "ONE NIGHT ULTIMATE WEREWOLF 43  October 13th 2018_Game3_14",
    "ONE NIGHT ULTIMATE WEREWOLF 43  October 13th 2018_Game3_16",
    "ONE NIGHT ULTIMATE WEREWOLF 43  October 13th 2018_Game3_17",
    "ONE NIGHT ULTIMATE WEREWOLF 43  October 13th 2018_Game3_51",
    "ONE NIGHT ULTIMATE WEREWOLF 18  September 30th 2017_Game1_51",
    "ONE NIGHT ULTIMATE WEREWOLF 18  September 30th 2017_Game1_63",
    "ONE NIGHT ULTIMATE WEREWOLF 18  September 30th 2017_Game1_67",
    "ONE NIGHT ULTIMATE WEREWOLF 18  September 30th 2017_Game1_68",
    "ONE NIGHT ULTIMATE WEREWOLF 18  September 30th 2017_Game1_75",
    "ONE NIGHT ULTIMATE WEREWOLF 18  September 30th 2017_Game1_86",
    "ONE NIGHT ULTIMATE WEREWOLF 89  November 30th 2019_Game3_21",
    "ONE NIGHT ULTIMATE WEREWOLF 89  November 30th 2019_Game3_23",
    "ONE NIGHT ULTIMATE WEREWOLF 89  November 30th 2019_Game3_27",
    "ONE NIGHT ULTIMATE WEREWOLF 89  November 30th 2019_Game3_72",
    "ONE NIGHT ULTIMATE WEREWOLF 89  November 30th 2019_Game3_76",
    "ONE NIGHT ULTIMATE WEREWOLF 89  November 30th 2019_Game3_77",
    "ONE NIGHT ULTIMATE WEREWOLF 89  November 30th 2019_Game3_81",
    "ONE NIGHT ULTIMATE WEREWOLF 89  November 30th 2019_Game3_82",
    "One Night Ultimate Werewolf GAME NIGHT!!_Game2_71",
    "One Night Ultimate Werewolf GAME NIGHT!!_Game2_73",
    "Visions from 2016  ONE NIGHT ULTIMATE WEREWOLF  Retro 11_Game1_102",
    "Visions from 2016  ONE NIGHT ULTIMATE WEREWOLF  Retro 11_Game1_106",
    "Visions from 2016  ONE NIGHT ULTIMATE WEREWOLF  Retro 11_Game1_126",
    "Visions from 2016  ONE NIGHT ULTIMATE WEREWOLF  Retro 11_Game1_146",
    "ONE NIGHT ULTIMATE WEREWOLF 87  November 9th 2019_Game1_37",
    "ONE NIGHT ULTIMATE WEREWOLF 87  November 9th 2019_Game1_44",
    "ONE NIGHT ULTIMATE WEREWOLF 87  November 9th 2019_Game1_45",
    "ONE NIGHT ULTIMATE WEREWOLF 87  November 9th 2019_Game1_76",
    "ONE NIGHT ULTIMATE WEREWOLF 87  November 9th 2019_Game1_106",
    "ONE NIGHT ULTIMATE WEREWOLF  Retro 1_Game1_23",
    "Ye Olde Times  ONE NIGHT ULTIMATE WEREWOLF  Retro 8_Game4_18",
    "Ye Olde Times  ONE NIGHT ULTIMATE WEREWOLF  Retro 8_Game4_99",
    "Ye Olde Times  ONE NIGHT ULTIMATE WEREWOLF  Retro 8_Game4_113",
    "Ye Olde Times  ONE NIGHT ULTIMATE WEREWOLF  Retro 8_Game4_125",
    "Ye Olde Times  ONE NIGHT ULTIMATE WEREWOLF  Retro 8_Game4_127",
    "Ye Olde Times  ONE NIGHT ULTIMATE WEREWOLF  Retro 8_Game4_130",
    "Retrovision  ONE NIGHT ULTIMATE WEREWOLF  Retro 7_Game3_11",
    "Retrovision  ONE NIGHT ULTIMATE WEREWOLF  Retro 7_Game3_41",
    "Retrovision  ONE NIGHT ULTIMATE WEREWOLF  Retro 7_Game3_63",
    "Retrovision  ONE NIGHT ULTIMATE WEREWOLF  Retro 7_Game3_95",
    "Retrovision  ONE NIGHT ULTIMATE WEREWOLF  Retro 7_Game3_124",
    "ONE NIGHT ULTIMATE WEREWOLF  Retro 3_Game6_7",
    "ONE NIGHT ULTIMATE WEREWOLF  Retro 3_Game6_79",
    "ONE NIGHT ULTIMATE WEREWOLF  Retro 3_Game6_101",
    "ONE NIGHT ULTIMATE WEREWOLF  Retro 3_Game6_105",
    "ONE NIGHT ULTIMATE WEREWOLF  Retro 3_Game6_107",
    "One Night Ultimate Werewolf 493 Even More Classic Werewolf_Game1_5",
    "One Night Ultimate Werewolf 493 Even More Classic Werewolf_Game1_145",
    "One Night Ultimate Werewolf 493 Even More Classic Werewolf_Game1_153",
    "One Night Ultimate Werewolf 493 Even More Classic Werewolf_Game1_175",
    "ONE NIGHT ULTIMATE WEREWOLF 28  February 17th 2018_Game2_84",
    "ONE NIGHT ULTIMATE WEREWOLF 28  February 17th 2018_Game2_86",
    "ONE NIGHT ULTIMATE WEREWOLF 28  February 17th 2018_Game2_123",
    "ONE NIGHT ULTIMATE WEREWOLF 7  November 6th 2016_Game1_7",
    "ONE NIGHT ULTIMATE WEREWOLF 7  November 6th 2016_Game1_82",
    "The Return of the King  ONE NIGHT ULTIMATE WEREWOLF_Game6_103",
    "Retrovision  ONE NIGHT ULTIMATE WEREWOLF  Retro 7_Game2_69",
    "Retrovision  ONE NIGHT ULTIMATE WEREWOLF  Retro 7_Game2_86",
    "Retrovision  ONE NIGHT ULTIMATE WEREWOLF  Retro 7_Game2_87",
    "ONE NIGHT ULTIMATE WEREWOLF 44  October 13th 2018_Game3_43",
    "ONE NIGHT ULTIMATE WEREWOLF 44  October 13th 2018_Game3_55",
    "ONE NIGHT ULTIMATE WEREWOLF 44  October 13th 2018_Game3_59",
    "ONE NIGHT ULTIMATE WEREWOLF 44  October 13th 2018_Game3_82",
    "ONE NIGHT ULTIMATE WEREWOLF 44  October 13th 2018_Game3_83",
    "ONE NIGHT ULTIMATE WEREWOLF 44  October 13th 2018_Game3_100",
    "ONE NIGHT ULTIMATE WEREWOLF 1  July 5th 2016_Game2_61",
    "ONE NIGHT ULTIMATE WEREWOLF 1  July 5th 2016_Game2_81",
    "ONE NIGHT ULTIMATE WEREWOLF 1  July 5th 2016_Game2_82",
    "ONE NIGHT ULTIMATE WEREWOLF  Retro 3_Game7_23",
    "ONE NIGHT ULTIMATE WEREWOLF  Retro 3_Game7_59",
    "ONE NIGHT ULTIMATE WEREWOLF 44  October 13th 2018_Game2_21",
    "ONE NIGHT ULTIMATE WEREWOLF 44  October 13th 2018_Game2_52",
    "ONE NIGHT ULTIMATE WEREWOLF 44  October 13th 2018_Game2_55",
    "ONE NIGHT ULTIMATE WEREWOLF 44  October 13th 2018_Game2_61",
    "ONE NIGHT ULTIMATE WEREWOLF 44  October 13th 2018_Game2_69",
    "ONE NIGHT ULTIMATE WEREWOLF 44  October 13th 2018_Game2_86",
    "ONE NIGHT ULTIMATE WEREWOLF 9  November 6th 2016_Game2_11",
    "ONE NIGHT ULTIMATE WEREWOLF 45  October 13th 2018_Game4_12",
    "ONE NIGHT ULTIMATE WEREWOLF 45  October 13th 2018_Game4_41",
    "ONE NIGHT ULTIMATE WEREWOLF 45  October 13th 2018_Game4_42",
    "ONE NIGHT ULTIMATE WEREWOLF 45  October 13th 2018_Game4_58",
    "ONE NIGHT ULTIMATE WEREWOLF 45  October 13th 2018_Game4_64",
    "ONE NIGHT ULTIMATE WEREWOLF 45  October 13th 2018_Game4_100",
    "ONE NIGHT ULTIMATE WEREWOLF 45  October 13th 2018_Game4_131",
    "ONE NIGHT ULTIMATE WEREWOLF 45  October 13th 2018_Game4_136",
    "ONE NIGHT ULTIMATE WEREWOLF 83  October 15th 2019_Game2_26",
    "ONE NIGHT ULTIMATE WEREWOLF 83  October 15th 2019_Game2_84",
    "ONE NIGHT ULTIMATE WEREWOLF 83  October 15th 2019_Game2_88",
    "ONE NIGHT ULTIMATE WEREWOLF 83  October 15th 2019_Game2_116",
    "ONE NIGHT ULTIMATE WEREWOLF 83  October 15th 2019_Game2_119",
    "Retrovision  ONE NIGHT ULTIMATE WEREWOLF  Retro 7_Game4_34",
    "Retrovision  ONE NIGHT ULTIMATE WEREWOLF  Retro 7_Game4_152",
    "Retrovision  ONE NIGHT ULTIMATE WEREWOLF  Retro 7_Game4_167",
    "Retrovision  ONE NIGHT ULTIMATE WEREWOLF  Retro 7_Game4_170",
