{
  "loss": 0.7808494780744825,
  "f1": 0.495458298926507,
  "precision": 0.5791505791505791,
  "recall": 0.4329004329004329,
  "accuracy": 0.8295200892857143,
  "report": "              precision    recall  f1-score   support\n\n           0       0.87      0.92      0.90      2891\n           1       0.58      0.43      0.50       693\n\n    accuracy                           0.83      3584\n   macro avg       0.73      0.68      0.70      3584\nweighted avg       0.82      0.83      0.82      3584\n"
}