{
  "loss": 0.7188550531864166,
  "f1": 0.44227642276422763,
  "precision": 0.5506072874493927,
  "recall": 0.3695652173913043,
  "accuracy": 0.8511284722222222,
  "report": "              precision    recall  f1-score   support\n\n           0       0.89      0.94      0.91      1936\n           1       0.55      0.37      0.44       368\n\n    accuracy                           0.85      2304\n   macro avg       0.72      0.66      0.68      2304\nweighted avg       0.83      0.85      0.84      2304\n"
}