{
  "loss": 0.12494381570390292,
  "f1": 0.9028571428571428,
  "precision": 0.8939179632248939,
  "recall": 0.911976911976912,
  "accuracy": 0.9620535714285714,
  "report": "              precision    recall  f1-score   support\n\n           0       0.98      0.97      0.98      2891\n           1       0.89      0.91      0.90       693\n\n    accuracy                           0.96      3584\n   macro avg       0.94      0.94      0.94      3584\nweighted avg       0.96      0.96      0.96      3584\n"
}