{
  "loss": 0.6153120729658339,
  "f1": 0.4568835098335855,
  "precision": 0.515358361774744,
  "recall": 0.41032608695652173,
  "accuracy": 0.8441840277777778,
  "report": "              precision    recall  f1-score   support\n\n           0       0.89      0.93      0.91      1936\n           1       0.52      0.41      0.46       368\n\n    accuracy                           0.84      2304\n   macro avg       0.70      0.67      0.68      2304\nweighted avg       0.83      0.84      0.84      2304\n"
}