{
  "loss": 0.41288212272855973,
  "f1": 0.4648318042813456,
  "precision": 0.5314685314685315,
  "recall": 0.41304347826086957,
  "accuracy": 0.8480902777777778,
  "report": "              precision    recall  f1-score   support\n\n           0       0.89      0.93      0.91      1936\n           1       0.53      0.41      0.46       368\n\n    accuracy                           0.85      2304\n   macro avg       0.71      0.67      0.69      2304\nweighted avg       0.84      0.85      0.84      2304\n"
}