{
  "loss": 0.6681348021541323,
  "f1": 0.5153473344103393,
  "precision": 0.5853211009174312,
  "recall": 0.4603174603174603,
  "accuracy": 0.8325892857142857,
  "report": "              precision    recall  f1-score   support\n\n           0       0.88      0.92      0.90      2891\n           1       0.59      0.46      0.52       693\n\n    accuracy                           0.83      3584\n   macro avg       0.73      0.69      0.71      3584\nweighted avg       0.82      0.83      0.82      3584\n"
}