{
  "loss": 0.43477846469197956,
  "f1": 0.5275974025974026,
  "precision": 0.6029684601113172,
  "recall": 0.468975468975469,
  "accuracy": 0.8376116071428571,
  "report": "              precision    recall  f1-score   support\n\n           0       0.88      0.93      0.90      2891\n           1       0.60      0.47      0.53       693\n\n    accuracy                           0.84      3584\n   macro avg       0.74      0.70      0.71      3584\nweighted avg       0.83      0.84      0.83      3584\n"
}