{
  "loss": 0.24952844184424197,
  "f1": 0.35333333333333333,
  "precision": 0.6022727272727273,
  "recall": 0.25,
  "accuracy": 0.9458705357142857,
  "report": "              precision    recall  f1-score   support\n\n           0       0.95      0.99      0.97      3372\n           1       0.60      0.25      0.35       212\n\n    accuracy                           0.95      3584\n   macro avg       0.78      0.62      0.66      3584\nweighted avg       0.93      0.95      0.94      3584\n"
}