{
  "loss": 0.27054061657852596,
  "f1": 0.26666666666666666,
  "precision": 0.42857142857142855,
  "recall": 0.1935483870967742,
  "accuracy": 0.9427083333333334,
  "report": "              precision    recall  f1-score   support\n\n           0       0.96      0.99      0.97      2180\n           1       0.43      0.19      0.27       124\n\n    accuracy                           0.94      2304\n   macro avg       0.69      0.59      0.62      2304\nweighted avg       0.93      0.94      0.93      2304\n"
}