{
  "loss": 0.21134073012286708,
  "f1": 0.7022101589763474,
  "precision": 0.7035742035742035,
  "recall": 0.7008513931888545,
  "accuracy": 0.9285714285714286,
  "report": "              precision    recall  f1-score   support\n\n           0       0.96      0.96      0.96     18920\n           1       0.70      0.70      0.70      2584\n\n    accuracy                           0.93     21504\n   macro avg       0.83      0.83      0.83     21504\nweighted avg       0.93      0.93      0.93     21504\n",
  "Identity Declaration": {
    "f1": 0.8344988344988346,
    "precision": 0.8248847926267281,
    "recall": 0.8443396226415094,
    "accuracy": 0.9801897321428571,
    "report": "              precision    recall  f1-score   support\n\n           0       0.99      0.99      0.99      3372\n           1       0.82      0.84      0.83       212\n\n    accuracy                           0.98      3584\n   macro avg       0.91      0.92      0.91      3584\nweighted avg       0.98      0.98      0.98      3584\n"
  },
  "Accusation": {
    "f1": 0.6868327402135231,
    "precision": 0.6689774696707106,
    "recall": 0.7056672760511883,
    "accuracy": 0.9017857142857143,
    "report": "              precision    recall  f1-score   support\n\n           0       0.95      0.94      0.94      3037\n           1       0.67      0.71      0.69       547\n\n    accuracy                           0.90      3584\n   macro avg       0.81      0.82      0.81      3584\nweighted avg       0.90      0.90      0.90      3584\n"
  },
  "Interrogation": {
    "f1": 0.9014705882352941,
    "precision": 0.9190404797601199,
    "recall": 0.8845598845598845,
    "accuracy": 0.9626116071428571,
    "report": "              precision    recall  f1-score   support\n\n           0       0.97      0.98      0.98      2891\n           1       0.92      0.88      0.90       693\n\n    accuracy                           0.96      3584\n   macro avg       0.95      0.93      0.94      3584\nweighted avg       0.96      0.96      0.96      3584\n"
  },
  "Call for Action": {
    "f1": 0.7563636363636363,
    "precision": 0.7563636363636363,
    "recall": 0.7563636363636363,
    "accuracy": 0.9626116071428571,
    "report": "              precision    recall  f1-score   support\n\n           0       0.98      0.98      0.98      3309\n           1       0.76      0.76      0.76       275\n\n    accuracy                           0.96      3584\n   macro avg       0.87      0.87      0.87      3584\nweighted avg       0.96      0.96      0.96      3584\n"
  },
  "Defense": {
    "f1": 0.4461538461538462,
    "precision": 0.44106463878326996,
    "recall": 0.45136186770428016,
    "accuracy": 0.8392857142857143,
    "report": "              precision    recall  f1-score   support\n\n           0       0.91      0.90      0.91      3070\n           1       0.44      0.45      0.45       514\n\n    accuracy                           0.84      3584\n   macro avg       0.67      0.68      0.68      3584\nweighted avg       0.84      0.84      0.84      3584\n"
  },
  "Evidence": {
    "f1": 0.5893129770992367,
    "precision": 0.6185897435897436,
    "recall": 0.5626822157434402,
    "accuracy": 0.9249441964285714,
    "report": "              precision    recall  f1-score   support\n\n           0       0.95      0.96      0.96      3241\n           1       0.62      0.56      0.59       343\n\n    accuracy                           0.92      3584\n   macro avg       0.79      0.76      0.77      3584\nweighted avg       0.92      0.92      0.92      3584\n"
  }
}