{
  "loss": 0.19615316299492852,
  "f1": 0.6760917373546969,
  "precision": 0.662969808995687,
  "recall": 0.6897435897435897,
  "accuracy": 0.9293448464912281,
  "report": "              precision    recall  f1-score   support\n\n           0       0.96      0.96      0.96     13032\n           1       0.66      0.69      0.68      1560\n\n    accuracy                           0.93     14592\n   macro avg       0.81      0.82      0.82     14592\nweighted avg       0.93      0.93      0.93     14592\n",
  "Identity Declaration": {
    "f1": 0.8449612403100775,
    "precision": 0.8384615384615385,
    "recall": 0.8515625,
    "accuracy": 0.9835526315789473,
    "report": "              precision    recall  f1-score   support\n\n           0       0.99      0.99      0.99      2304\n           1       0.84      0.85      0.84       128\n\n    accuracy                           0.98      2432\n   macro avg       0.92      0.92      0.92      2432\nweighted avg       0.98      0.98      0.98      2432\n"
  },
  "Accusation": {
    "f1": 0.6825775656324582,
    "precision": 0.6021052631578947,
    "recall": 0.7878787878787878,
    "accuracy": 0.890625,
    "report": "              precision    recall  f1-score   support\n\n           0       0.96      0.91      0.93      2069\n           1       0.60      0.79      0.68       363\n\n    accuracy                           0.89      2432\n   macro avg       0.78      0.85      0.81      2432\nweighted avg       0.91      0.89      0.90      2432\n"
  },
  "Interrogation": {
    "f1": 0.8707653701380176,
    "precision": 0.8281622911694511,
    "recall": 0.917989417989418,
    "accuracy": 0.9576480263157895,
    "report": "              precision    recall  f1-score   support\n\n           0       0.98      0.96      0.97      2054\n           1       0.83      0.92      0.87       378\n\n    accuracy                           0.96      2432\n   macro avg       0.91      0.94      0.92      2432\nweighted avg       0.96      0.96      0.96      2432\n"
  },
  "Call for Action": {
    "f1": 0.6557377049180327,
    "precision": 0.6611570247933884,
    "recall": 0.6504065040650406,
    "accuracy": 0.9654605263157895,
    "report": "              precision    recall  f1-score   support\n\n           0       0.98      0.98      0.98      2309\n           1       0.66      0.65      0.66       123\n\n    accuracy                           0.97      2432\n   macro avg       0.82      0.82      0.82      2432\nweighted avg       0.97      0.97      0.97      2432\n"
  },
  "Defense": {
    "f1": 0.45403899721448465,
    "precision": 0.4880239520958084,
    "recall": 0.4244791666666667,
    "accuracy": 0.8388157894736842,
    "report": "              precision    recall  f1-score   support\n\n           0       0.89      0.92      0.91      2048\n           1       0.49      0.42      0.45       384\n\n    accuracy                           0.84      2432\n   macro avg       0.69      0.67      0.68      2432\nweighted avg       0.83      0.84      0.83      2432\n"
  },
  "Evidence": {
    "f1": 0.5548780487804879,
    "precision": 0.6319444444444444,
    "recall": 0.4945652173913043,
    "accuracy": 0.9399671052631579,
    "report": "              precision    recall  f1-score   support\n\n           0       0.96      0.98      0.97      2248\n           1       0.63      0.49      0.55       184\n\n    accuracy                           0.94      2432\n   macro avg       0.80      0.74      0.76      2432\nweighted avg       0.93      0.94      0.94      2432\n"
  }
}