{
  "loss": 0.47198182344436646,
  "f1": 0.36423841059602646,
  "precision": 0.41825095057034223,
  "recall": 0.3225806451612903,
  "accuracy": 0.8333333333333334,
  "report": "              precision    recall  f1-score   support\n\n           0       0.89      0.92      0.90      1963\n           1       0.42      0.32      0.36       341\n\n    accuracy                           0.83      2304\n   macro avg       0.65      0.62      0.63      2304\nweighted avg       0.82      0.83      0.82      2304\n"
}