{
  "loss": 0.24719611382377998,
  "f1": 0.8914956011730205,
  "precision": 0.9061102831594635,
  "recall": 0.8773448773448773,
  "accuracy": 0.9587053571428571,
  "report": "              precision    recall  f1-score   support\n\n           0       0.97      0.98      0.97      2891\n           1       0.91      0.88      0.89       693\n\n    accuracy                           0.96      3584\n   macro avg       0.94      0.93      0.93      3584\nweighted avg       0.96      0.96      0.96      3584\n"
}