{
  "loss": 0.188108405196353,
  "f1": 0.8639365918097754,
  "precision": 0.862796833773087,
  "recall": 0.8650793650793651,
  "accuracy": 0.9576480263157895,
  "report": "              precision    recall  f1-score   support\n\n           0       0.98      0.97      0.97      2054\n           1       0.86      0.87      0.86       378\n\n    accuracy                           0.96      2432\n   macro avg       0.92      0.92      0.92      2432\nweighted avg       0.96      0.96      0.96      2432\n"
}