{
  "loss": 0.44561029012714115,
  "f1": 0.34782608695652173,
  "precision": 0.5862068965517241,
  "recall": 0.24727272727272728,
  "accuracy": 0.9288504464285714,
  "report": "              precision    recall  f1-score   support\n\n           0       0.94      0.99      0.96      3309\n           1       0.59      0.25      0.35       275\n\n    accuracy                           0.93      3584\n   macro avg       0.76      0.62      0.66      3584\nweighted avg       0.91      0.93      0.92      3584\n"
}