{
  "loss": 0.3095987526079019,
  "f1": 0.25675675675675674,
  "precision": 0.5757575757575758,
  "recall": 0.16521739130434782,
  "accuracy": 0.9522569444444444,
  "report": "              precision    recall  f1-score   support\n\n           0       0.96      0.99      0.98      2189\n           1       0.58      0.17      0.26       115\n\n    accuracy                           0.95      2304\n   macro avg       0.77      0.58      0.62      2304\nweighted avg       0.94      0.95      0.94      2304\n"
}