{
  "loss": 0.20316138863563538,
  "f1": 0.7101669195751138,
  "precision": 0.7358490566037735,
  "recall": 0.6862170087976539,
  "accuracy": 0.9171006944444444,
  "report": "              precision    recall  f1-score   support\n\n           0       0.95      0.96      0.95      1963\n           1       0.74      0.69      0.71       341\n\n    accuracy                           0.92      2304\n   macro avg       0.84      0.82      0.83      2304\nweighted avg       0.92      0.92      0.92      2304\n",
  "preds": [
    0,
    0,
    0,
    0,
    0,
    0,
    0,
    1,
    0,
    0,
    1,
    0,
    0,
    1,
    0,
    1,
    0,
    0,
    0,
    0,
    0,
    0,
    0,
    0,
    1,
    0,
    0,
    0,
    0,
    0,
    0,
    1,
    1,
    0,
    1,
    0,
    0,
    1,
    1,
    0,
    0,
    0,
    1,
    0,
    0,
    0,
    0,
    0,
    1,
    0,
    0,
    0,
    0,
    0,
    0,
    0,
    0,
    1,
    1,
    1,
    1,
    0,
    1,
    1,
    1,
    1,
    0,
    0,
    1,
    0,
    0,
    0,
    1,
    0,
    1,
    0,
    1,
    0,
    0,
    0,
    1,
    1,
    0,
    1,
    0,
    1,
    1,
    0,
    0,
    1,
    1,
    0,
    1,
    0,
    1,
    0,
    1,
    1,
    0,
    0,
    0,
    0,
    0,
    1,
    0,
    1,
    1,
    0,
    0,
    0,
    1,
    0,
    1,
    1,
    1,
    0,
    1,
    1,
    1,
    1,
    1,
    0,
    0,
    0,
    0,
    0,
    1,
    0,
    1,
    1,
    1,
    1,
    1,
    1,
    1,
    0,
    1,
    1,
    1,
    1,
    1,
    1,
    0,
    0,
    1,
    0,
    1,
    0,
    1,
    1,
    0,
    1,
    1,
    1,
    0,
    1,
    1,
    0,
    0,
    1,
    1,
    1,
    1,
    1,
    1,
    1,
    1,
    0,
    0,
    0,
    1,
    0,
    0,
    1,
    1,
    1,
    0,
    0,
    0,
    0,
    0,
    0,
    0,
    0,
    0,
    0,
    0,
    0,
    1,
    0,
    1
  ],
  "ids": [
    "Way Way Back  ONE NIGHT ULTIMATE WEREWOLF  Retro 10_Game5_47",
    "Way Way Back  ONE NIGHT ULTIMATE WEREWOLF  Retro 10_Game5_51",
    "Way Way Back  ONE NIGHT ULTIMATE WEREWOLF  Retro 10_Game5_57",
    "Way Way Back  ONE NIGHT ULTIMATE WEREWOLF  Retro 10_Game5_62",
    "Way Way Back  ONE NIGHT ULTIMATE WEREWOLF  Retro 10_Game5_73",
    "Way Way Back  ONE NIGHT ULTIMATE WEREWOLF  Retro 10_Game5_89",
    "Way Way Back  ONE NIGHT ULTIMATE WEREWOLF  Retro 10_Game5_90",
    "Way Way Back  ONE NIGHT ULTIMATE WEREWOLF  Retro 10_Game5_121",
    "Way Way Back  ONE NIGHT ULTIMATE WEREWOLF  Retro 10_Game5_124",
    "Way Way Back  ONE NIGHT ULTIMATE WEREWOLF  Retro 10_Game5_139",
    "Way Way Back  ONE NIGHT ULTIMATE WEREWOLF  Retro 10_Game5_142",
    "Way Way Back  ONE NIGHT ULTIMATE WEREWOLF  Retro 10_Game5_143",
    "Way Way Back  ONE NIGHT ULTIMATE WEREWOLF  Retro 10_Game5_150",
    "Way Way Back  ONE NIGHT ULTIMATE WEREWOLF  Retro 10_Game5_175",
    "Way Way Back  ONE NIGHT ULTIMATE WEREWOLF  Retro 10_Game5_183",
    "Retrovision  ONE NIGHT ULTIMATE WEREWOLF  Retro 7_Game5_16",
    "Retrovision  ONE NIGHT ULTIMATE WEREWOLF  Retro 7_Game5_32",
    "Retrovision  ONE NIGHT ULTIMATE WEREWOLF  Retro 7_Game5_54",
    "Retrovision  ONE NIGHT ULTIMATE WEREWOLF  Retro 7_Game5_62",
    "Retrovision  ONE NIGHT ULTIMATE WEREWOLF  Retro 7_Game5_93",
    "Retrovision  ONE NIGHT ULTIMATE WEREWOLF  Retro 7_Game5_96",
    "Retrovision  ONE NIGHT ULTIMATE WEREWOLF  Retro 7_Game5_101",
    "Retrovision  ONE NIGHT ULTIMATE WEREWOLF  Retro 7_Game5_114",
    "Retrovision  ONE NIGHT ULTIMATE WEREWOLF  Retro 7_Game5_116",
    "Retrovision  ONE NIGHT ULTIMATE WEREWOLF  Retro 7_Game5_141",
    "Retrovision  ONE NIGHT ULTIMATE WEREWOLF  Retro 7_Game5_152",
    "Retrovision  ONE NIGHT ULTIMATE WEREWOLF  Retro 7_Game5_155",
    "Retrovision  ONE NIGHT ULTIMATE WEREWOLF  Retro 7_Game5_161",
    "Retrovision  ONE NIGHT ULTIMATE WEREWOLF  Retro 7_Game5_162",
    "Retrovision  ONE NIGHT ULTIMATE WEREWOLF  Retro 7_Game5_163",
    "Retrovision  ONE NIGHT ULTIMATE WEREWOLF  Retro 7_Game5_164",
    "Retrovision  ONE NIGHT ULTIMATE WEREWOLF  Retro 7_Game5_167",
    "Retrovision  ONE NIGHT ULTIMATE WEREWOLF  Retro 7_Game5_174",
    "Retrovision  ONE NIGHT ULTIMATE WEREWOLF  Retro 7_Game5_190",
    "ONE NIGHT ULTIMATE WEREWOLF  Retro 1_Game6_14",
    "ONE NIGHT ULTIMATE WEREWOLF  Retro 1_Game6_18",
    "ONE NIGHT ULTIMATE WEREWOLF  Retro 1_Game6_25",
    "ONE NIGHT ULTIMATE WEREWOLF  Retro 1_Game6_28",
    "ONE NIGHT ULTIMATE WEREWOLF  Retro 1_Game6_55",
    "ONE NIGHT ULTIMATE WEREWOLF  Retro 1_Game6_59",
    "ONE NIGHT ULTIMATE WEREWOLF  Retro 1_Game6_61",
    "ONE NIGHT ULTIMATE WEREWOLF  Retro 1_Game6_68",
    "ONE NIGHT ULTIMATE WEREWOLF  Retro 1_Game6_87",
    "ONE NIGHT ULTIMATE WEREWOLF  Retro 1_Game6_90",
    "ONE NIGHT ULTIMATE WEREWOLF  Retro 1_Game6_92",
    "ONE NIGHT ULTIMATE WEREWOLF  Retro 1_Game6_95",
    "ONE NIGHT ULTIMATE WEREWOLF  Retro 5_Game2_52",
    "ONE NIGHT ULTIMATE WEREWOLF  Retro 5_Game2_56",
    "ONE NIGHT ULTIMATE WEREWOLF  Retro 5_Game2_57",
    "ONE NIGHT ULTIMATE WEREWOLF  Retro 5_Game2_61",
    "ONE NIGHT ULTIMATE WEREWOLF  Retro 5_Game2_71",
    "ONE NIGHT ULTIMATE WEREWOLF  Retro 5_Game2_85",
    "ONE NIGHT ULTIMATE WEREWOLF  Retro 2_Game8_10",
    "ONE NIGHT ULTIMATE WEREWOLF  Retro 2_Game8_26",
    "ONE NIGHT ULTIMATE WEREWOLF  Retro 2_Game8_42",
    "ONE NIGHT ULTIMATE WEREWOLF  Retro 2_Game8_50",
    "ONE NIGHT ULTIMATE WEREWOLF  Retro 2_Game8_54",
    "ONE NIGHT ULTIMATE WEREWOLF  Retro 2_Game8_61",
    "ONE NIGHT ULTIMATE WEREWOLF  Retro 2_Game8_64",
    "ONE NIGHT ULTIMATE WEREWOLF  Retro 2_Game8_112",
    "ONE NIGHT ULTIMATE WEREWOLF  Retro 2_Game8_115",
    "ONE NIGHT ULTIMATE WEREWOLF 64  March 23rd 2019_Game4_13",
    "ONE NIGHT ULTIMATE WEREWOLF 64  March 23rd 2019_Game4_26",
    "ONE NIGHT ULTIMATE WEREWOLF 64  March 23rd 2019_Game4_35",
    "ONE NIGHT ULTIMATE WEREWOLF 64  March 23rd 2019_Game4_37",
    "ONE NIGHT ULTIMATE WEREWOLF 64  March 23rd 2019_Game4_51",
    "ONE NIGHT ULTIMATE WEREWOLF  Retro 1_Game3_14",
    "ONE NIGHT ULTIMATE WEREWOLF  Retro 1_Game3_22",
    "ONE NIGHT ULTIMATE WEREWOLF  Retro 1_Game3_37",
    "ONE NIGHT ULTIMATE WEREWOLF  Retro 1_Game3_45",
    "ONE NIGHT ULTIMATE WEREWOLF  Retro 1_Game3_50",
    "ONE NIGHT ULTIMATE WEREWOLF  Retro 1_Game3_51",
    "ONE NIGHT ULTIMATE WEREWOLF  Retro 1_Game3_68",
    "ONE NIGHT ULTIMATE WEREWOLF  Retro 1_Game3_74",
    "One Night Ultimate Werewolf 362 More Classic Werewolf_Game1_11",
    "One Night Ultimate Werewolf 362 More Classic Werewolf_Game1_25",
    "One Night Ultimate Werewolf 362 More Classic Werewolf_Game1_26",
    "One Night Ultimate Werewolf 362 More Classic Werewolf_Game1_31",
    "One Night Ultimate Werewolf 362 More Classic Werewolf_Game1_32",
    "One Night Ultimate Werewolf 362 More Classic Werewolf_Game1_38",
    "One Night Ultimate Werewolf 362 More Classic Werewolf_Game1_74",
    "One Night Ultimate Werewolf 362 More Classic Werewolf_Game1_93",
    "One Night Ultimate Werewolf 362 More Classic Werewolf_Game1_97",
    "One Night Ultimate Werewolf 362 More Classic Werewolf_Game1_99",
    "One Night Ultimate Werewolf 362 More Classic Werewolf_Game1_106",
    "One Night Ultimate Werewolf 362 More Classic Werewolf_Game1_123",
    "One Night Ultimate Werewolf 362 More Classic Werewolf_Game1_124",
    "One Night Ultimate Werewolf 362 More Classic Werewolf_Game1_127",
    "One Night Ultimate Werewolf 362 More Classic Werewolf_Game1_136",
    "One Night Ultimate Werewolf 362 More Classic Werewolf_Game1_141",
    "One Night Ultimate Werewolf 362 More Classic Werewolf_Game1_156",
    "One Night Ultimate Werewolf 362 More Classic Werewolf_Game1_188",
    "One Night Ultimate Werewolf 362 More Classic Werewolf_Game1_198",
    "One Night Ultimate Werewolf 362 More Classic Werewolf_Game1_215",
    "One Night Ultimate Werewolf 362 More Classic Werewolf_Game1_226",
    "One Night Ultimate Werewolf 362 More Classic Werewolf_Game1_231",
    "One Night Ultimate Werewolf 362 More Classic Werewolf_Game1_234",
