{
  "loss": 0.5870255768199645,
  "f1": 0.6930422919508867,
  "precision": 0.6883468834688347,
  "recall": 0.6978021978021978,
  "accuracy": 0.908685064935065,
  "report": "              precision    recall  f1-score   support\n\n           0       0.95      0.95      0.95      2100\n           1       0.69      0.70      0.69       364\n\n    accuracy                           0.91      2464\n   macro avg       0.82      0.82      0.82      2464\nweighted avg       0.91      0.91      0.91      2464\n",
  "preds": [
    0,
    0,
    1,
    0,
    1,
    0,
    0,
    0,
    1,
    0,
    0,
    1,
    0,
    0,
    0,
    1,
    1,
    0,
    0,
    0,
    1,
    0,
    0,
    0,
    1,
    0,
    0,
    1,
    1,
    0,
    1,
    1,
    0,
    1,
    0,
    1,
    1,
    1,
    0,
    0,
    1,
    0,
    1,
    0,
    1,
    0,
    0,
    1,
    1,
    0,
    1,
    0,
    0,
    1,
    1,
    1,
    1,
    1,
    0,
    1,
    1,
    1,
    1,
    1,
    1,
    0,
    0,
    0,
    1,
    1,
    0,
    0,
    0,
    0,
    1,
    1,
    0,
    0,
    0,
    1,
    0,
    0,
    0,
    1,
    1,
    1,
    1,
    0,
    0,
    1,
    0,
    1,
    1,
    1,
    0,
    1,
    0,
    1,
    1,
    0,
    0,
    1,
    0,
    1,
    0,
    1,
    1,
    1,
    1,
    0,
    0,
    0,
    0,
    0,
    1,
    1,
    0,
    1,
    1,
    0,
    0,
    1,
    0,
    1,
    1,
    1,
    1,
    0,
    1,
    1,
    1,
    1,
    1,
    0,
    0,
    0,
    0,
    0,
    1,
    0,
    1,
    0,
    0,
    1,
    1,
    1,
    1,
    0,
    1,
    1,
    1,
    1,
    1,
    0,
    0,
    0,
    1,
    0,
    1,
    0,
    1,
    1,
    0,
    1,
    1,
    0,
    1,
    0,
    0,
    1,
    0,
    1,
    1,
    0,
    1,
    0,
    0,
    0,
    1,
    0,
    0,
    1,
    1,
    1,
    0,
    0,
    1,
    1,
    0,
    1,
    0,
    0,
    0,
    1,
    0,
    0,
    1,
    1,
    0,
    0,
    1,
    1,
    1,
    0,
    0,
    1,
    1,
    0,
    1,
    1,
    1,
    1,
    0,
    1,
    1,
    1,
    0,
    0,
    0,
    0,
    0,
    1,
    0,
    0,
    1
  ],
  "ids": [
    "Way Way Back  ONE NIGHT ULTIMATE WEREWOLF  Retro 10_Game5_52",
    "Way Way Back  ONE NIGHT ULTIMATE WEREWOLF  Retro 10_Game5_57",
    "Way Way Back  ONE NIGHT ULTIMATE WEREWOLF  Retro 10_Game5_60",
    "Way Way Back  ONE NIGHT ULTIMATE WEREWOLF  Retro 10_Game5_62",
    "Way Way Back  ONE NIGHT ULTIMATE WEREWOLF  Retro 10_Game5_69",
    "Way Way Back  ONE NIGHT ULTIMATE WEREWOLF  Retro 10_Game5_73",
    "Way Way Back  ONE NIGHT ULTIMATE WEREWOLF  Retro 10_Game5_89",
    "Way Way Back  ONE NIGHT ULTIMATE WEREWOLF  Retro 10_Game5_102",
    "Way Way Back  ONE NIGHT ULTIMATE WEREWOLF  Retro 10_Game5_123",
    "Way Way Back  ONE NIGHT ULTIMATE WEREWOLF  Retro 10_Game5_124",
    "Way Way Back  ONE NIGHT ULTIMATE WEREWOLF  Retro 10_Game5_126",
    "Way Way Back  ONE NIGHT ULTIMATE WEREWOLF  Retro 10_Game5_142",
    "Way Way Back  ONE NIGHT ULTIMATE WEREWOLF  Retro 10_Game5_145",
    "Way Way Back  ONE NIGHT ULTIMATE WEREWOLF  Retro 10_Game5_150",
    "Way Way Back  ONE NIGHT ULTIMATE WEREWOLF  Retro 10_Game5_174",
    "Way Way Back  ONE NIGHT ULTIMATE WEREWOLF  Retro 10_Game5_175",
    "Retrovision  ONE NIGHT ULTIMATE WEREWOLF  Retro 7_Game5_16",
    "Retrovision  ONE NIGHT ULTIMATE WEREWOLF  Retro 7_Game5_54",
    "Retrovision  ONE NIGHT ULTIMATE WEREWOLF  Retro 7_Game5_62",
    "Retrovision  ONE NIGHT ULTIMATE WEREWOLF  Retro 7_Game5_85",
    "Retrovision  ONE NIGHT ULTIMATE WEREWOLF  Retro 7_Game5_91",
    "Retrovision  ONE NIGHT ULTIMATE WEREWOLF  Retro 7_Game5_96",
    "Retrovision  ONE NIGHT ULTIMATE WEREWOLF  Retro 7_Game5_114",
    "Retrovision  ONE NIGHT ULTIMATE WEREWOLF  Retro 7_Game5_126",
    "Retrovision  ONE NIGHT ULTIMATE WEREWOLF  Retro 7_Game5_141",
    "Retrovision  ONE NIGHT ULTIMATE WEREWOLF  Retro 7_Game5_155",
    "Retrovision  ONE NIGHT ULTIMATE WEREWOLF  Retro 7_Game5_162",
    "Retrovision  ONE NIGHT ULTIMATE WEREWOLF  Retro 7_Game5_174",
    "ONE NIGHT ULTIMATE WEREWOLF  Retro 1_Game6_14",
    "ONE NIGHT ULTIMATE WEREWOLF  Retro 1_Game6_31",
    "ONE NIGHT ULTIMATE WEREWOLF  Retro 1_Game6_35",
    "ONE NIGHT ULTIMATE WEREWOLF  Retro 1_Game6_55",
    "ONE NIGHT ULTIMATE WEREWOLF  Retro 1_Game6_56",
    "ONE NIGHT ULTIMATE WEREWOLF  Retro 1_Game6_63",
    "ONE NIGHT ULTIMATE WEREWOLF  Retro 1_Game6_68",
    "ONE NIGHT ULTIMATE WEREWOLF  Retro 1_Game6_77",
    "ONE NIGHT ULTIMATE WEREWOLF  Retro 1_Game6_85",
    "ONE NIGHT ULTIMATE WEREWOLF  Retro 1_Game6_87",
    "ONE NIGHT ULTIMATE WEREWOLF  Retro 1_Game6_90",
    "ONE NIGHT ULTIMATE WEREWOLF  Retro 1_Game6_92",
    "ONE NIGHT ULTIMATE WEREWOLF  Retro 5_Game2_28",
    "ONE NIGHT ULTIMATE WEREWOLF  Retro 5_Game2_56",
    "ONE NIGHT ULTIMATE WEREWOLF  Retro 5_Game2_57",
    "ONE NIGHT ULTIMATE WEREWOLF  Retro 5_Game2_61",
    "ONE NIGHT ULTIMATE WEREWOLF  Retro 5_Game2_64",
    "ONE NIGHT ULTIMATE WEREWOLF  Retro 5_Game2_74",
    "ONE NIGHT ULTIMATE WEREWOLF  Retro 5_Game2_75",
    "ONE NIGHT ULTIMATE WEREWOLF  Retro 5_Game2_86",
    "ONE NIGHT ULTIMATE WEREWOLF  Retro 2_Game8_24",
    "ONE NIGHT ULTIMATE WEREWOLF  Retro 2_Game8_42",
    "ONE NIGHT ULTIMATE WEREWOLF  Retro 2_Game8_47",
    "ONE NIGHT ULTIMATE WEREWOLF  Retro 2_Game8_52",
    "ONE NIGHT ULTIMATE WEREWOLF  Retro 2_Game8_54",
    "ONE NIGHT ULTIMATE WEREWOLF  Retro 2_Game8_64",
    "ONE NIGHT ULTIMATE WEREWOLF  Retro 2_Game8_94",
    "ONE NIGHT ULTIMATE WEREWOLF  Retro 2_Game8_96",
    "ONE NIGHT ULTIMATE WEREWOLF  Retro 2_Game8_112",
    "ONE NIGHT ULTIMATE WEREWOLF 64  March 23rd 2019_Game4_11",
    "ONE NIGHT ULTIMATE WEREWOLF 64  March 23rd 2019_Game4_13",
    "ONE NIGHT ULTIMATE WEREWOLF 64  March 23rd 2019_Game4_22",
    "ONE NIGHT ULTIMATE WEREWOLF 64  March 23rd 2019_Game4_26",
    "ONE NIGHT ULTIMATE WEREWOLF 64  March 23rd 2019_Game4_35",
    "ONE NIGHT ULTIMATE WEREWOLF 64  March 23rd 2019_Game4_37",
    "ONE NIGHT ULTIMATE WEREWOLF 64  March 23rd 2019_Game4_47",
    "ONE NIGHT ULTIMATE WEREWOLF 64  March 23rd 2019_Game4_62",
    "ONE NIGHT ULTIMATE WEREWOLF  Retro 1_Game3_14",
    "ONE NIGHT ULTIMATE WEREWOLF  Retro 1_Game3_22",
    "ONE NIGHT ULTIMATE WEREWOLF  Retro 1_Game3_26",
    "ONE NIGHT ULTIMATE WEREWOLF  Retro 1_Game3_28",
    "ONE NIGHT ULTIMATE WEREWOLF  Retro 1_Game3_37",
    "ONE NIGHT ULTIMATE WEREWOLF  Retro 1_Game3_40",
    "ONE NIGHT ULTIMATE WEREWOLF  Retro 1_Game3_45",
    "ONE NIGHT ULTIMATE WEREWOLF  Retro 1_Game3_48",
    "ONE NIGHT ULTIMATE WEREWOLF  Retro 1_Game3_51",
    "ONE NIGHT ULTIMATE WEREWOLF  Retro 1_Game3_68",
    "ONE NIGHT ULTIMATE WEREWOLF  Retro 1_Game3_71",
    "ONE NIGHT ULTIMATE WEREWOLF  Retro 1_Game3_73",
    "ONE NIGHT ULTIMATE WEREWOLF  Retro 1_Game3_74",
    "One Night Ultimate Werewolf 362 More Classic Werewolf_Game1_25",
    "One Night Ultimate Werewolf 362 More Classic Werewolf_Game1_26",
    "One Night Ultimate Werewolf 362 More Classic Werewolf_Game1_31",
    "One Night Ultimate Werewolf 362 More Classic Werewolf_Game1_32",
    "One Night Ultimate Werewolf 362 More Classic Werewolf_Game1_38",
    "One Night Ultimate Werewolf 362 More Classic Werewolf_Game1_73",
    "One Night Ultimate Werewolf 362 More Classic Werewolf_Game1_74",
    "One Night Ultimate Werewolf 362 More Classic Werewolf_Game1_79",
    "One Night Ultimate Werewolf 362 More Classic Werewolf_Game1_93",
    "One Night Ultimate Werewolf 362 More Classic Werewolf_Game1_96",
    "One Night Ultimate Werewolf 362 More Classic Werewolf_Game1_97",
    "One Night Ultimate Werewolf 362 More Classic Werewolf_Game1_102",
    "One Night Ultimate Werewolf 362 More Classic Werewolf_Game1_106",
    "One Night Ultimate Werewolf 362 More Classic Werewolf_Game1_114",
    "One Night Ultimate Werewolf 362 More Classic Werewolf_Game1_120",
    "One Night Ultimate Werewolf 362 More Classic Werewolf_Game1_123",
    "One Night Ultimate Werewolf 362 More Classic Werewolf_Game1_127",
