{
  "loss": 0.3250083178281784,
  "f1": 0.5636672325976231,
  "precision": 0.6747967479674797,
  "recall": 0.4839650145772595,
  "accuracy": 0.9282924107142857,
  "report": "              precision    recall  f1-score   support\n\n           0       0.95      0.98      0.96      3241\n           1       0.67      0.48      0.56       343\n\n    accuracy                           0.93      3584\n   macro avg       0.81      0.73      0.76      3584\nweighted avg       0.92      0.93      0.92      3584\n"
}