{
  "loss": 0.19423689054591314,
  "f1": 0.5838926174496645,
  "precision": 0.6877470355731226,
  "recall": 0.5072886297376094,
  "accuracy": 0.9308035714285714,
  "report": "              precision    recall  f1-score   support\n\n           0       0.95      0.98      0.96      3241\n           1       0.69      0.51      0.58       343\n\n    accuracy                           0.93      3584\n   macro avg       0.82      0.74      0.77      3584\nweighted avg       0.92      0.93      0.93      3584\n"
}