{
  "loss": 0.17673546324173608,
  "f1": 0.5633802816901409,
  "precision": 0.7619047619047619,
  "recall": 0.44692737430167595,
  "accuracy": 0.9461805555555556,
  "report": "              precision    recall  f1-score   support\n\n           0       0.95      0.99      0.97      2125\n           1       0.76      0.45      0.56       179\n\n    accuracy                           0.95      2304\n   macro avg       0.86      0.72      0.77      2304\nweighted avg       0.94      0.95      0.94      2304\n"
}