{
  "loss": 0.08579846005886793,
  "f1": 0.8503937007874016,
  "precision": 0.8307692307692308,
  "recall": 0.8709677419354839,
  "accuracy": 0.9835069444444444,
  "report": "              precision    recall  f1-score   support\n\n           0       0.99      0.99      0.99      2180\n           1       0.83      0.87      0.85       124\n\n    accuracy                           0.98      2304\n   macro avg       0.91      0.93      0.92      2304\nweighted avg       0.98      0.98      0.98      2304\n"
}