{
  "loss": 0.12058419381667461,
  "f1": 0.813953488372093,
  "precision": 0.8027522935779816,
  "recall": 0.8254716981132075,
  "accuracy": 0.9776785714285714,
  "report": "              precision    recall  f1-score   support\n\n           0       0.99      0.99      0.99      3372\n           1       0.80      0.83      0.81       212\n\n    accuracy                           0.98      3584\n   macro avg       0.90      0.91      0.90      3584\nweighted avg       0.98      0.98      0.98      3584\n"
}