{
  "loss": 0.16829241263239006,
  "f1": 0.5656565656565656,
  "precision": 0.7433628318584071,
  "recall": 0.45652173913043476,
  "accuracy": 0.9469572368421053,
  "report": "              precision    recall  f1-score   support\n\n           0       0.96      0.99      0.97      2248\n           1       0.74      0.46      0.57       184\n\n    accuracy                           0.95      2432\n   macro avg       0.85      0.72      0.77      2432\nweighted avg       0.94      0.95      0.94      2432\n"
}