{
  "loss": 0.09273530749811067,
  "f1": 0.6844444444444444,
  "precision": 0.7,
  "recall": 0.6695652173913044,
  "accuracy": 0.9691840277777778,
  "report": "              precision    recall  f1-score   support\n\n           0       0.98      0.98      0.98      2189\n           1       0.70      0.67      0.68       115\n\n    accuracy                           0.97      2304\n   macro avg       0.84      0.83      0.83      2304\nweighted avg       0.97      0.97      0.97      2304\n"
}