{
  "loss": 0.09971178828605584,
  "f1": 0.737037037037037,
  "precision": 0.7509433962264151,
  "recall": 0.7236363636363636,
  "accuracy": 0.9603794642857143,
  "report": "              precision    recall  f1-score   support\n\n           0       0.98      0.98      0.98      3309\n           1       0.75      0.72      0.74       275\n\n    accuracy                           0.96      3584\n   macro avg       0.86      0.85      0.86      3584\nweighted avg       0.96      0.96      0.96      3584\n"
}