{
  "loss": 0.28246448908782296,
  "f1": 0.6486486486486487,
  "precision": 0.7272727272727273,
  "recall": 0.5853658536585366,
  "accuracy": 0.9679276315789473,
  "report": "              precision    recall  f1-score   support\n\n           0       0.98      0.99      0.98      2309\n           1       0.73      0.59      0.65       123\n\n    accuracy                           0.97      2432\n   macro avg       0.85      0.79      0.82      2432\nweighted avg       0.97      0.97      0.97      2432\n"
}