{
  "loss": 0.32544810178162725,
  "f1": 0.0,
  "precision": 0.0,
  "recall": 0.0,
  "accuracy": 0.8930921052631579,
  "report": "              precision    recall  f1-score   support\n\n           0       0.89      1.00      0.94     13032\n           1       0.00      0.00      0.00      1560\n\n    accuracy                           0.89     14592\n   macro avg       0.45      0.50      0.47     14592\nweighted avg       0.80      0.89      0.84     14592\n",
  "Identity Declaration": {
    "f1": 0.0,
    "precision": 0.0,
    "recall": 0.0,
    "accuracy": 0.9473684210526315,
    "report": "              precision    recall  f1-score   support\n\n           0       0.95      1.00      0.97      2304\n           1       0.00      0.00      0.00       128\n\n    accuracy                           0.95      2432\n   macro avg       0.47      0.50      0.49      2432\nweighted avg       0.90      0.95      0.92      2432\n"
  },
  "Accusation": {
    "f1": 0.0,
    "precision": 0.0,
    "recall": 0.0,
    "accuracy": 0.8507401315789473,
    "report": "              precision    recall  f1-score   support\n\n           0       0.85      1.00      0.92      2069\n           1       0.00      0.00      0.00       363\n\n    accuracy                           0.85      2432\n   macro avg       0.43      0.50      0.46      2432\nweighted avg       0.72      0.85      0.78      2432\n"
  },
  "Interrogation": {
    "f1": 0.0,
    "precision": 0.0,
    "recall": 0.0,
    "accuracy": 0.8445723684210527,
    "report": "              precision    recall  f1-score   support\n\n           0       0.84      1.00      0.92      2054\n           1       0.00      0.00      0.00       378\n\n    accuracy                           0.84      2432\n   macro avg       0.42      0.50      0.46      2432\nweighted avg       0.71      0.84      0.77      2432\n"
  },
  "Call for Action": {
    "f1": 0.0,
    "precision": 0.0,
    "recall": 0.0,
    "accuracy": 0.9494243421052632,
    "report": "              precision    recall  f1-score   support\n\n           0       0.95      1.00      0.97      2309\n           1       0.00      0.00      0.00       123\n\n    accuracy                           0.95      2432\n   macro avg       0.47      0.50      0.49      2432\nweighted avg       0.90      0.95      0.92      2432\n"
  },
  "Defense": {
    "f1": 0.0,
    "precision": 0.0,
    "recall": 0.0,
    "accuracy": 0.8421052631578947,
    "report": "              precision    recall  f1-score   support\n\n           0       0.84      1.00      0.91      2048\n           1       0.00      0.00      0.00       384\n\n    accuracy                           0.84      2432\n   macro avg       0.42      0.50      0.46      2432\nweighted avg       0.71      0.84      0.77      2432\n"
  },
  "Evidence": {
    "f1": 0.0,
    "precision": 0.0,
    "recall": 0.0,
    "accuracy": 0.9243421052631579,
    "report": "              precision    recall  f1-score   support\n\n           0       0.92      1.00      0.96      2248\n           1       0.00      0.00      0.00       184\n\n    accuracy                           0.92      2432\n   macro avg       0.46      0.50      0.48      2432\nweighted avg       0.85      0.92      0.89      2432\n"
  }
}